episode_id,segment_id,canonical_verb,start_time,end_time,duration,start_frame,end_frame_exclusive,tracking_valid_frac,measured_tracking_valid_frac,tracking_quality,missing_value_rate,interpolated_value_count,coordinate_mode,pose_source_path,video_path,source_data_path,is_valid,rejection_reason,cluster_id,mean_same_verb_knn_distance,distinctiveness_percentile,cluster_rarity,potential_tracking_outlier,selected,selection_reason
2025-09-20-17-42-51-000000,2025-09-20-17-42-51-000000:front_1:000000,fold_clothes,0.0,1.0,1.0,0,30,1.0,1.0,1.0,0.0,0,per_frame_inverse_head_to_world:obs_head_pose,/__modal/volumes/vo-UZL6XRNnGfsFjlpmHH9EJN/episodes/2025-09-20-17-42-51-000000,/__modal/volumes/vo-UZL6XRNnGfsFjlpmHH9EJN/segments/2025-09-20-17-42-51-000000/front_1/000000.mp4,/__modal/volumes/vo-UZL6XRNnGfsFjlpmHH9EJN/episodes/2025-09-20-17-42-51-000000,True,,fold_clothes__0,5.0819623815641215,0.8297872340425532,0.824468085106383,False,True,facility_location_gain_per_second
2025-09-20-17-42-51-000000,2025-09-20-17-42-51-000000:front_1:000001,fold_clothes,1.0,2.0,1.0,30,60,1.0,1.0,1.0,0.0,0,per_frame_inverse_head_to_world:obs_head_pose,/__modal/volumes/vo-UZL6XRNnGfsFjlpmHH9EJN/episodes/2025-09-20-17-42-51-000000,/__modal/volumes/vo-UZL6XRNnGfsFjlpmHH9EJN/segments/2025-09-20-17-42-51-000000/front_1/000001.mp4,/__modal/volumes/vo-UZL6XRNnGfsFjlpmHH9EJN/episodes/2025-09-20-17-42-51-000000,True,,fold_clothes__1,4.224318748555457,0.6329787234042553,0.17553191489361697,False,False,
2025-09-20-17-42-51-000000,2025-09-20-17-42-51-000000:front_1:000002,fold_clothes,2.0,3.0,1.0,60,90,1.0,1.0,1.0,0.0,0,per_frame_inverse_head_to_world:obs_head_pose,/__modal/volumes/vo-UZL6XRNnGfsFjlpmHH9EJN/episodes/2025-09-20-17-42-51-000000,/__modal/volumes/vo-UZL6XRNnGfsFjlpmHH9EJN/segments/2025-09-20-17-42-51-000000/front_1/000002.mp4,/__modal/volumes/vo-UZL6XRNnGfsFjlpmHH9EJN/episodes/2025-09-20-17-42-51-000000,True,,fold_clothes__1,3.471093350957637,0.2765957446808511,0.17553191489361697,False,True,facility_location_gain_per_second
2025-09-20-17-42-51-000000,2025-09-20-17-42-51-000000:front_1:000003,fold_clothes,3.0,4.0,1.0,90,120,1.0,1.0,1.0,0.0,0,per_frame_inverse_head_to_world:obs_head_pose,/__modal/volumes/vo-UZL6XRNnGfsFjlpmHH9EJN/episodes/2025-09-20-17-42-51-000000,/__modal/volumes/vo-UZL6XRNnGfsFjlpmHH9EJN/segments/2025-09-20-17-42-51-000000/front_1/000003.mp4,/__modal/volumes/vo-UZL6XRNnGfsFjlpmHH9EJN/episodes/2025-09-20-17-42-51-000000,True,,fold_clothes__1,5.415285356871616,0.8723404255319149,0.17553191489361697,False,True,facility_location_gain_per_second
2025-09-20-17-42-51-000000,2025-09-20-17-42-51-000000:front_1:000004,fold_clothes,4.0,5.0,1.0,120,150,1.0,1.0,1.0,0.0,0,per_frame_inverse_head_to_world:obs_head_pose,/__modal/volumes/vo-UZL6XRNnGfsFjlpmHH9EJN/episodes/2025-09-20-17-42-51-000000,/__modal/volumes/vo-UZL6XRNnGfsFjlpmHH9EJN/segments/2025-09-20-17-42-51-000000/front_1/000004.mp4,/__modal/volumes/vo-UZL6XRNnGfsFjlpmHH9EJN/episodes/2025-09-20-17-42-51-000000,True,,fold_clothes__1,4.64538648790416,0.7553191489361702,0.17553191489361697,False,False,
2025-09-20-17-42-51-000000,2025-09-20-17-42-51-000000:front_1:000005,fold_clothes,5.0,6.0,1.0,150,180,1.0,1.0,1.0,0.0,0,per_frame_inverse_head_to_world:obs_head_pose,/__modal/volumes/vo-UZL6XRNnGfsFjlpmHH9EJN/episodes/2025-09-20-17-42-51-000000,/__modal/volumes/vo-UZL6XRNnGfsFjlpmHH9EJN/segments/2025-09-20-17-42-51-000000/front_1/000005.mp4,/__modal/volumes/vo-UZL6XRNnGfsFjlpmHH9EJN/episodes/2025-09-20-17-42-51-000000,True,,fold_clothes__0,4.0744883145350945,0.5691489361702128,0.824468085106383,False,False,
2025-09-20-17-42-51-000000,2025-09-20-17-42-51-000000:front_1:000006,fold_clothes,6.0,7.0,1.0,180,210,1.0,1.0,1.0,0.0,0,per_frame_inverse_head_to_world:obs_head_pose,/__modal/volumes/vo-UZL6XRNnGfsFjlpmHH9EJN/episodes/2025-09-20-17-42-51-000000,/__modal/volumes/vo-UZL6XRNnGfsFjlpmHH9EJN/segments/2025-09-20-17-42-51-000000/front_1/000006.mp4,/__modal/volumes/vo-UZL6XRNnGfsFjlpmHH9EJN/episodes/2025-09-20-17-42-51-000000,True,,fold_clothes__1,3.628445196745216,0.3404255319148936,0.17553191489361697,False,False,
2025-09-20-17-42-51-000000,2025-09-20-17-42-51-000000:front_1:000007,fold_clothes,7.0,8.0,1.0,210,240,1.0,1.0,1.0,0.0,0,per_frame_inverse_head_to_world:obs_head_pose,/__modal/volumes/vo-UZL6XRNnGfsFjlpmHH9EJN/episodes/2025-09-20-17-42-51-000000,/__modal/volumes/vo-UZL6XRNnGfsFjlpmHH9EJN/segments/2025-09-20-17-42-51-000000/front_1/000007.mp4,/__modal/volumes/vo-UZL6XRNnGfsFjlpmHH9EJN/episodes/2025-09-20-17-42-51-000000,True,,fold_clothes__1,3.969800038676314,0.4946808510638298,0.17553191489361697,False,False,
2025-09-20-17-42-51-000000,2025-09-20-17-42-51-000000:front_1:000008,fold_clothes,8.0,9.0,1.0,240,270,1.0,1.0,1.0,0.0,0,per_frame_inverse_head_to_world:obs_head_pose,/__modal/volumes/vo-UZL6XRNnGfsFjlpmHH9EJN/episodes/2025-09-20-17-42-51-000000,/__modal/volumes/vo-UZL6XRNnGfsFjlpmHH9EJN/segments/2025-09-20-17-42-51-000000/front_1/000008.mp4,/__modal/volumes/vo-UZL6XRNnGfsFjlpmHH9EJN/episodes/2025-09-20-17-42-51-000000,True,,fold_clothes__1,6.255506351324704,0.9414893617021277,0.17553191489361697,False,True,facility_location_gain_per_second
2025-09-20-17-42-51-000000,2025-09-20-17-42-51-000000:front_1:000009,fold_clothes,9.0,10.0,1.0,270,300,1.0,1.0,1.0,0.0,0,per_frame_inverse_head_to_world:obs_head_pose,/__modal/volumes/vo-UZL6XRNnGfsFjlpmHH9EJN/episodes/2025-09-20-17-42-51-000000,/__modal/volumes/vo-UZL6XRNnGfsFjlpmHH9EJN/segments/2025-09-20-17-42-51-000000/front_1/000009.mp4,/__modal/volumes/vo-UZL6XRNnGfsFjlpmHH9EJN/episodes/2025-09-20-17-42-51-000000,True,,fold_clothes__1,3.3454005198895187,0.20212765957446807,0.17553191489361697,False,False,
2025-09-20-17-42-51-000000,2025-09-20-17-42-51-000000:front_1:000010,fold_clothes,10.0,11.0,1.0,300,330,1.0,1.0,1.0,0.0,0,per_frame_inverse_head_to_world:obs_head_pose,/__modal/volumes/vo-UZL6XRNnGfsFjlpmHH9EJN/episodes/2025-09-20-17-42-51-000000,/__modal/volumes/vo-UZL6XRNnGfsFjlpmHH9EJN/segments/2025-09-20-17-42-51-000000/front_1/000010.mp4,/__modal/volumes/vo-UZL6XRNnGfsFjlpmHH9EJN/episodes/2025-09-20-17-42-51-000000,True,,fold_clothes__1,3.4947015047759336,0.2872340425531915,0.17553191489361697,False,False,
2025-09-20-17-42-51-000000,2025-09-20-17-42-51-000000:front_1:000011,fold_clothes,11.0,12.0,1.0,330,360,1.0,1.0,1.0,0.0,0,per_frame_inverse_head_to_world:obs_head_pose,/__modal/volumes/vo-UZL6XRNnGfsFjlpmHH9EJN/episodes/2025-09-20-17-42-51-000000,/__modal/volumes/vo-UZL6XRNnGfsFjlpmHH9EJN/segments/2025-09-20-17-42-51-000000/front_1/000011.mp4,/__modal/volumes/vo-UZL6XRNnGfsFjlpmHH9EJN/episodes/2025-09-20-17-42-51-000000,True,,fold_clothes__1,4.500761691544577,0.7074468085106383,0.17553191489361697,False,True,facility_location_gain_per_second
2025-09-20-17-42-51-000000,2025-09-20-17-42-51-000000:front_1:000012,fold_clothes,12.0,13.0,1.0,360,390,1.0,1.0,1.0,0.0,0,per_frame_inverse_head_to_world:obs_head_pose,/__modal/volumes/vo-UZL6XRNnGfsFjlpmHH9EJN/episodes/2025-09-20-17-42-51-000000,/__modal/volumes/vo-UZL6XRNnGfsFjlpmHH9EJN/segments/2025-09-20-17-42-51-000000/front_1/000012.mp4,/__modal/volumes/vo-UZL6XRNnGfsFjlpmHH9EJN/episodes/2025-09-20-17-42-51-000000,True,,fold_clothes__1,4.769195370139509,0.7872340425531915,0.17553191489361697,False,True,facility_location_gain_per_second
2025-09-20-17-42-51-000000,2025-09-20-17-42-51-000000:front_1:000013,fold_clothes,13.0,14.0,1.0,390,420,1.0,1.0,1.0,0.0,0,per_frame_inverse_head_to_world:obs_head_pose,/__modal/volumes/vo-UZL6XRNnGfsFjlpmHH9EJN/episodes/2025-09-20-17-42-51-000000,/__modal/volumes/vo-UZL6XRNnGfsFjlpmHH9EJN/segments/2025-09-20-17-42-51-000000/front_1/000013.mp4,/__modal/volumes/vo-UZL6XRNnGfsFjlpmHH9EJN/episodes/2025-09-20-17-42-51-000000,True,,fold_clothes__0,3.6704426719350067,0.35638297872340424,0.824468085106383,False,False,
2025-09-20-17-42-51-000000,2025-09-20-17-42-51-000000:front_1:000014,fold_clothes,14.0,15.0,1.0,420,450,1.0,1.0,1.0,0.0,0,per_frame_inverse_head_to_world:obs_head_pose,/__modal/volumes/vo-UZL6XRNnGfsFjlpmHH9EJN/episodes/2025-09-20-17-42-51-000000,/__modal/volumes/vo-UZL6XRNnGfsFjlpmHH9EJN/segments/2025-09-20-17-42-51-000000/front_1/000014.mp4,/__modal/volumes/vo-UZL6XRNnGfsFjlpmHH9EJN/episodes/2025-09-20-17-42-51-000000,True,,fold_clothes__1,3.3641613035696283,0.21808510638297873,0.17553191489361697,False,False,
2025-09-20-17-42-51-000000,2025-09-20-17-42-51-000000:front_1:000015,fold_clothes,15.0,16.0,1.0,450,480,1.0,1.0,1.0,0.0,0,per_frame_inverse_head_to_world:obs_head_pose,/__modal/volumes/vo-UZL6XRNnGfsFjlpmHH9EJN/episodes/2025-09-20-17-42-51-000000,/__modal/volumes/vo-UZL6XRNnGfsFjlpmHH9EJN/segments/2025-09-20-17-42-51-000000/front_1/000015.mp4,/__modal/volumes/vo-UZL6XRNnGfsFjlpmHH9EJN/episodes/2025-09-20-17-42-51-000000,True,,fold_clothes__1,3.512503742091839,0.30319148936170215,0.17553191489361697,False,False,
2025-09-20-17-42-51-000000,2025-09-20-17-42-51-000000:front_1:000016,fold_clothes,16.0,17.0,1.0,480,510,1.0,1.0,1.0,0.0,0,per_frame_inverse_head_to_world:obs_head_pose,/__modal/volumes/vo-UZL6XRNnGfsFjlpmHH9EJN/episodes/2025-09-20-17-42-51-000000,/__modal/volumes/vo-UZL6XRNnGfsFjlpmHH9EJN/segments/2025-09-20-17-42-51-000000/front_1/000016.mp4,/__modal/volumes/vo-UZL6XRNnGfsFjlpmHH9EJN/episodes/2025-09-20-17-42-51-000000,True,,fold_clothes__0,5.134374630298081,0.8351063829787234,0.824468085106383,False,True,facility_location_gain_per_second
2025-09-20-17-42-51-000000,2025-09-20-17-42-51-000000:front_1:000017,fold_clothes,17.0,18.0,1.0,510,540,1.0,1.0,1.0,0.0,0,per_frame_inverse_head_to_world:obs_head_pose,/__modal/volumes/vo-UZL6XRNnGfsFjlpmHH9EJN/episodes/2025-09-20-17-42-51-000000,/__modal/volumes/vo-UZL6XRNnGfsFjlpmHH9EJN/segments/2025-09-20-17-42-51-000000/front_1/000017.mp4,/__modal/volumes/vo-UZL6XRNnGfsFjlpmHH9EJN/episodes/2025-09-20-17-42-51-000000,True,,fold_clothes__1,4.154313462078397,0.6117021276595744,0.17553191489361697,False,False,
2025-09-20-17-42-51-000000,2025-09-20-17-42-51-000000:front_1:000018,fold_clothes,18.0,19.0,1.0,540,570,1.0,1.0,1.0,0.0,0,per_frame_inverse_head_to_world:obs_head_pose,/__modal/volumes/vo-UZL6XRNnGfsFjlpmHH9EJN/episodes/2025-09-20-17-42-51-000000,/__modal/volumes/vo-UZL6XRNnGfsFjlpmHH9EJN/segments/2025-09-20-17-42-51-000000/front_1/000018.mp4,/__modal/volumes/vo-UZL6XRNnGfsFjlpmHH9EJN/episodes/2025-09-20-17-42-51-000000,True,,fold_clothes__1,3.9412977790436066,0.4627659574468085,0.17553191489361697,False,False,
2025-09-20-17-42-51-000000,2025-09-20-17-42-51-000000:front_1:000019,fold_clothes,19.0,20.0,1.0,570,600,1.0,1.0,1.0,0.0,0,per_frame_inverse_head_to_world:obs_head_pose,/__modal/volumes/vo-UZL6XRNnGfsFjlpmHH9EJN/episodes/2025-09-20-17-42-51-000000,/__modal/volumes/vo-UZL6XRNnGfsFjlpmHH9EJN/segments/2025-09-20-17-42-51-000000/front_1/000019.mp4,/__modal/volumes/vo-UZL6XRNnGfsFjlpmHH9EJN/episodes/2025-09-20-17-42-51-000000,True,,fold_clothes__1,4.6209290821422275,0.7393617021276596,0.17553191489361697,False,True,facility_location_gain_per_second
2025-09-20-17-42-51-000000,2025-09-20-17-42-51-000000:front_1:000020,fold_clothes,20.0,21.0,1.0,600,630,1.0,1.0,1.0,0.0,0,per_frame_inverse_head_to_world:obs_head_pose,/__modal/volumes/vo-UZL6XRNnGfsFjlpmHH9EJN/episodes/2025-09-20-17-42-51-000000,/__modal/volumes/vo-UZL6XRNnGfsFjlpmHH9EJN/segments/2025-09-20-17-42-51-000000/front_1/000020.mp4,/__modal/volumes/vo-UZL6XRNnGfsFjlpmHH9EJN/episodes/2025-09-20-17-42-51-000000,True,,fold_clothes__0,4.56863551618522,0.723404255319149,0.824468085106383,False,False,
2025-09-20-17-42-51-000000,2025-09-20-17-42-51-000000:front_1:000021,fold_clothes,21.0,22.0,1.0,630,660,1.0,1.0,1.0,0.0,0,per_frame_inverse_head_to_world:obs_head_pose,/__modal/volumes/vo-UZL6XRNnGfsFjlpmHH9EJN/episodes/2025-09-20-17-42-51-000000,/__modal/volumes/vo-UZL6XRNnGfsFjlpmHH9EJN/segments/2025-09-20-17-42-51-000000/front_1/000021.mp4,/__modal/volumes/vo-UZL6XRNnGfsFjlpmHH9EJN/episodes/2025-09-20-17-42-51-000000,True,,fold_clothes__1,3.989731335147696,0.5053191489361702,0.17553191489361697,False,False,
2025-09-20-17-42-51-000000,2025-09-20-17-42-51-000000:front_1:000022,fold_clothes,22.0,23.0,1.0,660,690,1.0,1.0,1.0,0.0,0,per_frame_inverse_head_to_world:obs_head_pose,/__modal/volumes/vo-UZL6XRNnGfsFjlpmHH9EJN/episodes/2025-09-20-17-42-51-000000,/__modal/volumes/vo-UZL6XRNnGfsFjlpmHH9EJN/segments/2025-09-20-17-42-51-000000/front_1/000022.mp4,/__modal/volumes/vo-UZL6XRNnGfsFjlpmHH9EJN/episodes/2025-09-20-17-42-51-000000,True,,fold_clothes__1,3.8920315231566853,0.4521276595744681,0.17553191489361697,False,False,
2025-09-20-17-42-51-000000,2025-09-20-17-42-51-000000:front_1:000023,fold_clothes,23.0,24.0,1.0,690,720,1.0,1.0,1.0,0.0,0,per_frame_inverse_head_to_world:obs_head_pose,/__modal/volumes/vo-UZL6XRNnGfsFjlpmHH9EJN/episodes/2025-09-20-17-42-51-000000,/__modal/volumes/vo-UZL6XRNnGfsFjlpmHH9EJN/segments/2025-09-20-17-42-51-000000/front_1/000023.mp4,/__modal/volumes/vo-UZL6XRNnGfsFjlpmHH9EJN/episodes/2025-09-20-17-42-51-000000,True,,fold_clothes__1,3.821722671343751,0.4148936170212766,0.17553191489361697,False,False,
2025-09-20-17-42-51-000000,2025-09-20-17-42-51-000000:front_1:000024,fold_clothes,24.0,25.0,1.0,720,750,1.0,1.0,1.0,0.0,0,per_frame_inverse_head_to_world:obs_head_pose,/__modal/volumes/vo-UZL6XRNnGfsFjlpmHH9EJN/episodes/2025-09-20-17-42-51-000000,/__modal/volumes/vo-UZL6XRNnGfsFjlpmHH9EJN/segments/2025-09-20-17-42-51-000000/front_1/000024.mp4,/__modal/volumes/vo-UZL6XRNnGfsFjlpmHH9EJN/episodes/2025-09-20-17-42-51-000000,True,,fold_clothes__0,4.059667833451074,0.5478723404255319,0.824468085106383,False,True,facility_location_gain_per_second
2025-09-20-17-42-51-000000,2025-09-20-17-42-51-000000:front_1:000025,fold_clothes,25.0,26.0,1.0,750,780,1.0,1.0,1.0,0.0,0,per_frame_inverse_head_to_world:obs_head_pose,/__modal/volumes/vo-UZL6XRNnGfsFjlpmHH9EJN/episodes/2025-09-20-17-42-51-000000,/__modal/volumes/vo-UZL6XRNnGfsFjlpmHH9EJN/segments/2025-09-20-17-42-51-000000/front_1/000025.mp4,/__modal/volumes/vo-UZL6XRNnGfsFjlpmHH9EJN/episodes/2025-09-20-17-42-51-000000,True,,fold_clothes__1,6.012686201311325,0.9148936170212766,0.17553191489361697,False,True,facility_location_gain_per_second
2025-09-20-17-42-51-000000,2025-09-20-17-42-51-000000:front_1:000026,fold_clothes,26.0,27.0,1.0,780,810,1.0,1.0,1.0,0.0,0,per_frame_inverse_head_to_world:obs_head_pose,/__modal/volumes/vo-UZL6XRNnGfsFjlpmHH9EJN/episodes/2025-09-20-17-42-51-000000,/__modal/volumes/vo-UZL6XRNnGfsFjlpmHH9EJN/segments/2025-09-20-17-42-51-000000/front_1/000026.mp4,/__modal/volumes/vo-UZL6XRNnGfsFjlpmHH9EJN/episodes/2025-09-20-17-42-51-000000,True,,fold_clothes__1,3.6713550150598726,0.3617021276595745,0.17553191489361697,False,False,
2025-09-20-17-42-51-000000,2025-09-20-17-42-51-000000:front_1:000027,fold_clothes,27.0,28.0,1.0,810,840,1.0,1.0,1.0,0.0,0,per_frame_inverse_head_to_world:obs_head_pose,/__modal/volumes/vo-UZL6XRNnGfsFjlpmHH9EJN/episodes/2025-09-20-17-42-51-000000,/__modal/volumes/vo-UZL6XRNnGfsFjlpmHH9EJN/segments/2025-09-20-17-42-51-000000/front_1/000027.mp4,/__modal/volumes/vo-UZL6XRNnGfsFjlpmHH9EJN/episodes/2025-09-20-17-42-51-000000,True,,fold_clothes__1,4.986547051387325,0.8138297872340425,0.17553191489361697,False,True,facility_location_gain_per_second
2025-09-20-17-42-51-000000,2025-09-20-17-42-51-000000:front_1:000028,fold_clothes,28.0,29.0,1.0,840,870,1.0,1.0,1.0,0.0,0,per_frame_inverse_head_to_world:obs_head_pose,/__modal/volumes/vo-UZL6XRNnGfsFjlpmHH9EJN/episodes/2025-09-20-17-42-51-000000,/__modal/volumes/vo-UZL6XRNnGfsFjlpmHH9EJN/segments/2025-09-20-17-42-51-000000/front_1/000028.mp4,/__modal/volumes/vo-UZL6XRNnGfsFjlpmHH9EJN/episodes/2025-09-20-17-42-51-000000,True,,fold_clothes__0,5.307496372720804,0.8563829787234043,0.824468085106383,False,False,
2025-09-20-17-42-51-000000,2025-09-20-17-42-51-000000:front_1:000029,fold_clothes,29.0,30.0,1.0,870,900,1.0,1.0,1.0,0.0,0,per_frame_inverse_head_to_world:obs_head_pose,/__modal/volumes/vo-UZL6XRNnGfsFjlpmHH9EJN/episodes/2025-09-20-17-42-51-000000,/__modal/volumes/vo-UZL6XRNnGfsFjlpmHH9EJN/segments/2025-09-20-17-42-51-000000/front_1/000029.mp4,/__modal/volumes/vo-UZL6XRNnGfsFjlpmHH9EJN/episodes/2025-09-20-17-42-51-000000,True,,fold_clothes__1,3.6553035973038903,0.35106382978723405,0.17553191489361697,False,True,facility_location_gain_per_second
2025-09-20-17-42-51-000000,2025-09-20-17-42-51-000000:front_1:000030,fold_clothes,30.0,31.0,1.0,900,930,1.0,1.0,1.0,0.0,0,per_frame_inverse_head_to_world:obs_head_pose,/__modal/volumes/vo-UZL6XRNnGfsFjlpmHH9EJN/episodes/2025-09-20-17-42-51-000000,/__modal/volumes/vo-UZL6XRNnGfsFjlpmHH9EJN/segments/2025-09-20-17-42-51-000000/front_1/000030.mp4,/__modal/volumes/vo-UZL6XRNnGfsFjlpmHH9EJN/episodes/2025-09-20-17-42-51-000000,True,,fold_clothes__1,4.146578130557596,0.6063829787234043,0.17553191489361697,False,True,facility_location_gain_per_second
2025-09-20-17-42-51-000000,2025-09-20-17-42-51-000000:front_1:000031,fold_clothes,31.0,32.0,1.0,930,960,1.0,1.0,1.0,0.0,0,per_frame_inverse_head_to_world:obs_head_pose,/__modal/volumes/vo-UZL6XRNnGfsFjlpmHH9EJN/episodes/2025-09-20-17-42-51-000000,/__modal/volumes/vo-UZL6XRNnGfsFjlpmHH9EJN/segments/2025-09-20-17-42-51-000000/front_1/000031.mp4,/__modal/volumes/vo-UZL6XRNnGfsFjlpmHH9EJN/episodes/2025-09-20-17-42-51-000000,True,,fold_clothes__1,4.622712908481013,0.7446808510638298,0.17553191489361697,False,False,
2025-09-20-17-42-51-000000,2025-09-20-17-42-51-000000:front_1:000032,fold_clothes,32.0,33.0,1.0,960,990,1.0,1.0,1.0,0.0,0,per_frame_inverse_head_to_world:obs_head_pose,/__modal/volumes/vo-UZL6XRNnGfsFjlpmHH9EJN/episodes/2025-09-20-17-42-51-000000,/__modal/volumes/vo-UZL6XRNnGfsFjlpmHH9EJN/segments/2025-09-20-17-42-51-000000/front_1/000032.mp4,/__modal/volumes/vo-UZL6XRNnGfsFjlpmHH9EJN/episodes/2025-09-20-17-42-51-000000,True,,fold_clothes__0,3.793016306590939,0.39893617021276595,0.824468085106383,False,False,
2025-09-20-17-42-51-000000,2025-09-20-17-42-51-000000:front_1:000033,fold_clothes,33.0,34.0,1.0,990,1020,1.0,1.0,1.0,0.0,0,per_frame_inverse_head_to_world:obs_head_pose,/__modal/volumes/vo-UZL6XRNnGfsFjlpmHH9EJN/episodes/2025-09-20-17-42-51-000000,/__modal/volumes/vo-UZL6XRNnGfsFjlpmHH9EJN/segments/2025-09-20-17-42-51-000000/front_1/000033.mp4,/__modal/volumes/vo-UZL6XRNnGfsFjlpmHH9EJN/episodes/2025-09-20-17-42-51-000000,True,,fold_clothes__1,3.20528207885109,0.13829787234042554,0.17553191489361697,False,False,
2025-09-20-17-42-51-000000,2025-09-20-17-42-51-000000:front_1:000034,fold_clothes,34.0,35.0,1.0,1020,1050,1.0,1.0,1.0,0.0,0,per_frame_inverse_head_to_world:obs_head_pose,/__modal/volumes/vo-UZL6XRNnGfsFjlpmHH9EJN/episodes/2025-09-20-17-42-51-000000,/__modal/volumes/vo-UZL6XRNnGfsFjlpmHH9EJN/segments/2025-09-20-17-42-51-000000/front_1/000034.mp4,/__modal/volumes/vo-UZL6XRNnGfsFjlpmHH9EJN/episodes/2025-09-20-17-42-51-000000,True,,fold_clothes__1,4.492104177277396,0.7021276595744681,0.17553191489361697,False,True,facility_location_gain_per_second
2025-09-20-17-42-51-000000,2025-09-20-17-42-51-000000:front_1:000035,fold_clothes,35.0,36.0,1.0,1050,1080,1.0,1.0,1.0,0.0,0,per_frame_inverse_head_to_world:obs_head_pose,/__modal/volumes/vo-UZL6XRNnGfsFjlpmHH9EJN/episodes/2025-09-20-17-42-51-000000,/__modal/volumes/vo-UZL6XRNnGfsFjlpmHH9EJN/segments/2025-09-20-17-42-51-000000/front_1/000035.mp4,/__modal/volumes/vo-UZL6XRNnGfsFjlpmHH9EJN/episodes/2025-09-20-17-42-51-000000,True,,fold_clothes__1,5.372958298467678,0.8670212765957447,0.17553191489361697,False,True,facility_location_gain_per_second
2025-09-20-17-42-51-000000,2025-09-20-17-42-51-000000:front_1:000036,fold_clothes,36.0,37.0,1.0,1080,1110,1.0,1.0,1.0,0.0,0,per_frame_inverse_head_to_world:obs_head_pose,/__modal/volumes/vo-UZL6XRNnGfsFjlpmHH9EJN/episodes/2025-09-20-17-42-51-000000,/__modal/volumes/vo-UZL6XRNnGfsFjlpmHH9EJN/segments/2025-09-20-17-42-51-000000/front_1/000036.mp4,/__modal/volumes/vo-UZL6XRNnGfsFjlpmHH9EJN/episodes/2025-09-20-17-42-51-000000,True,,fold_clothes__0,3.810760106048241,0.40425531914893614,0.824468085106383,False,False,
2025-09-20-17-42-51-000000,2025-09-20-17-42-51-000000:front_1:000037,fold_clothes,37.0,38.0,1.0,1110,1140,1.0,1.0,1.0,0.0,0,per_frame_inverse_head_to_world:obs_head_pose,/__modal/volumes/vo-UZL6XRNnGfsFjlpmHH9EJN/episodes/2025-09-20-17-42-51-000000,/__modal/volumes/vo-UZL6XRNnGfsFjlpmHH9EJN/segments/2025-09-20-17-42-51-000000/front_1/000037.mp4,/__modal/volumes/vo-UZL6XRNnGfsFjlpmHH9EJN/episodes/2025-09-20-17-42-51-000000,True,,fold_clothes__1,2.899109235044247,0.0797872340425532,0.17553191489361697,False,False,
2025-09-20-17-42-51-000000,2025-09-20-17-42-51-000000:front_1:000038,fold_clothes,38.0,39.0,1.0,1140,1170,1.0,1.0,1.0,0.0,0,per_frame_inverse_head_to_world:obs_head_pose,/__modal/volumes/vo-UZL6XRNnGfsFjlpmHH9EJN/episodes/2025-09-20-17-42-51-000000,/__modal/volumes/vo-UZL6XRNnGfsFjlpmHH9EJN/segments/2025-09-20-17-42-51-000000/front_1/000038.mp4,/__modal/volumes/vo-UZL6XRNnGfsFjlpmHH9EJN/episodes/2025-09-20-17-42-51-000000,True,,fold_clothes__1,3.5407700211997515,0.30851063829787234,0.17553191489361697,False,False,
2025-09-20-17-42-51-000000,2025-09-20-17-42-51-000000:front_1:000039,fold_clothes,39.0,40.0,1.0,1170,1200,1.0,1.0,1.0,0.0,0,per_frame_inverse_head_to_world:obs_head_pose,/__modal/volumes/vo-UZL6XRNnGfsFjlpmHH9EJN/episodes/2025-09-20-17-42-51-000000,/__modal/volumes/vo-UZL6XRNnGfsFjlpmHH9EJN/segments/2025-09-20-17-42-51-000000/front_1/000039.mp4,/__modal/volumes/vo-UZL6XRNnGfsFjlpmHH9EJN/episodes/2025-09-20-17-42-51-000000,True,,fold_clothes__0,3.882845112510742,0.44148936170212766,0.824468085106383,False,True,facility_location_gain_per_second
2025-09-20-17-42-51-000000,2025-09-20-17-42-51-000000:front_1:000040,fold_clothes,40.0,41.0,1.0,1200,1230,1.0,1.0,1.0,0.0,0,per_frame_inverse_head_to_world:obs_head_pose,/__modal/volumes/vo-UZL6XRNnGfsFjlpmHH9EJN/episodes/2025-09-20-17-42-51-000000,/__modal/volumes/vo-UZL6XRNnGfsFjlpmHH9EJN/segments/2025-09-20-17-42-51-000000/front_1/000040.mp4,/__modal/volumes/vo-UZL6XRNnGfsFjlpmHH9EJN/episodes/2025-09-20-17-42-51-000000,True,,fold_clothes__1,4.056393878508355,0.5425531914893617,0.17553191489361697,False,False,
2025-09-20-17-42-51-000000,2025-09-20-17-42-51-000000:front_1:000041,fold_clothes,41.0,42.0,1.0,1230,1260,1.0,1.0,1.0,0.0,0,per_frame_inverse_head_to_world:obs_head_pose,/__modal/volumes/vo-UZL6XRNnGfsFjlpmHH9EJN/episodes/2025-09-20-17-42-51-000000,/__modal/volumes/vo-UZL6XRNnGfsFjlpmHH9EJN/segments/2025-09-20-17-42-51-000000/front_1/000041.mp4,/__modal/volumes/vo-UZL6XRNnGfsFjlpmHH9EJN/episodes/2025-09-20-17-42-51-000000,True,,fold_clothes__1,4.230426653342882,0.6436170212765957,0.17553191489361697,False,False,
2025-09-20-17-42-51-000000,2025-09-20-17-42-51-000000:front_1:000042,fold_clothes,42.0,43.0,1.0,1260,1290,1.0,1.0,1.0,0.0,0,per_frame_inverse_head_to_world:obs_head_pose,/__modal/volumes/vo-UZL6XRNnGfsFjlpmHH9EJN/episodes/2025-09-20-17-42-51-000000,/__modal/volumes/vo-UZL6XRNnGfsFjlpmHH9EJN/segments/2025-09-20-17-42-51-000000/front_1/000042.mp4,/__modal/volumes/vo-UZL6XRNnGfsFjlpmHH9EJN/episodes/2025-09-20-17-42-51-000000,True,,fold_clothes__1,3.7849146700269003,0.39361702127659576,0.17553191489361697,False,True,facility_location_gain_per_second
2025-09-20-17-42-51-000000,2025-09-20-17-42-51-000000:front_1:000043,fold_clothes,43.0,44.0,1.0,1290,1320,1.0,1.0,1.0,0.0,0,per_frame_inverse_head_to_world:obs_head_pose,/__modal/volumes/vo-UZL6XRNnGfsFjlpmHH9EJN/episodes/2025-09-20-17-42-51-000000,/__modal/volumes/vo-UZL6XRNnGfsFjlpmHH9EJN/segments/2025-09-20-17-42-51-000000/front_1/000043.mp4,/__modal/volumes/vo-UZL6XRNnGfsFjlpmHH9EJN/episodes/2025-09-20-17-42-51-000000,True,,fold_clothes__0,3.0881001467117573,0.10106382978723404,0.824468085106383,False,True,facility_location_gain_per_second
2025-09-20-17-42-51-000000,2025-09-20-17-42-51-000000:front_1:000044,fold_clothes,44.0,45.0,1.0,1320,1350,1.0,1.0,1.0,0.0,0,per_frame_inverse_head_to_world:obs_head_pose,/__modal/volumes/vo-UZL6XRNnGfsFjlpmHH9EJN/episodes/2025-09-20-17-42-51-000000,/__modal/volumes/vo-UZL6XRNnGfsFjlpmHH9EJN/segments/2025-09-20-17-42-51-000000/front_1/000044.mp4,/__modal/volumes/vo-UZL6XRNnGfsFjlpmHH9EJN/episodes/2025-09-20-17-42-51-000000,True,,fold_clothes__1,3.4669499414627816,0.2712765957446808,0.17553191489361697,False,False,
2025-09-20-17-42-51-000000,2025-09-20-17-42-51-000000:front_1:000045,fold_clothes,45.0,46.0,1.0,1350,1380,1.0,1.0,1.0,0.0,0,per_frame_inverse_head_to_world:obs_head_pose,/__modal/volumes/vo-UZL6XRNnGfsFjlpmHH9EJN/episodes/2025-09-20-17-42-51-000000,/__modal/volumes/vo-UZL6XRNnGfsFjlpmHH9EJN/segments/2025-09-20-17-42-51-000000/front_1/000045.mp4,/__modal/volumes/vo-UZL6XRNnGfsFjlpmHH9EJN/episodes/2025-09-20-17-42-51-000000,True,,fold_clothes__1,3.9947453891184197,0.5106382978723404,0.17553191489361697,False,False,
2025-09-20-17-42-51-000000,2025-09-20-17-42-51-000000:front_1:000046,fold_clothes,46.0,47.0,1.0,1380,1410,1.0,1.0,1.0,0.0,0,per_frame_inverse_head_to_world:obs_head_pose,/__modal/volumes/vo-UZL6XRNnGfsFjlpmHH9EJN/episodes/2025-09-20-17-42-51-000000,/__modal/volumes/vo-UZL6XRNnGfsFjlpmHH9EJN/segments/2025-09-20-17-42-51-000000/front_1/000046.mp4,/__modal/volumes/vo-UZL6XRNnGfsFjlpmHH9EJN/episodes/2025-09-20-17-42-51-000000,True,,fold_clothes__0,4.704840191165377,0.7712765957446809,0.824468085106383,False,False,
2025-09-20-17-42-51-000000,2025-09-20-17-42-51-000000:front_1:000047,fold_clothes,47.0,48.0,1.0,1410,1440,1.0,1.0,1.0,0.0,0,per_frame_inverse_head_to_world:obs_head_pose,/__modal/volumes/vo-UZL6XRNnGfsFjlpmHH9EJN/episodes/2025-09-20-17-42-51-000000,/__modal/volumes/vo-UZL6XRNnGfsFjlpmHH9EJN/segments/2025-09-20-17-42-51-000000/front_1/000047.mp4,/__modal/volumes/vo-UZL6XRNnGfsFjlpmHH9EJN/episodes/2025-09-20-17-42-51-000000,True,,fold_clothes__1,2.7808853894786916,0.06382978723404255,0.17553191489361697,False,True,facility_location_gain_per_second
2025-09-20-17-42-51-000000,2025-09-20-17-42-51-000000:front_1:000048,fold_clothes,48.0,49.0,1.0,1440,1470,1.0,1.0,1.0,0.0,0,per_frame_inverse_head_to_world:obs_head_pose,/__modal/volumes/vo-UZL6XRNnGfsFjlpmHH9EJN/episodes/2025-09-20-17-42-51-000000,/__modal/volumes/vo-UZL6XRNnGfsFjlpmHH9EJN/segments/2025-09-20-17-42-51-000000/front_1/000048.mp4,/__modal/volumes/vo-UZL6XRNnGfsFjlpmHH9EJN/episodes/2025-09-20-17-42-51-000000,True,,fold_clothes__1,3.7464088355607665,0.3776595744680851,0.17553191489361697,False,False,
2025-09-20-17-42-51-000000,2025-09-20-17-42-51-000000:front_1:000049,fold_clothes,49.0,50.0,1.0,1470,1500,1.0,1.0,1.0,0.0,0,per_frame_inverse_head_to_world:obs_head_pose,/__modal/volumes/vo-UZL6XRNnGfsFjlpmHH9EJN/episodes/2025-09-20-17-42-51-000000,/__modal/volumes/vo-UZL6XRNnGfsFjlpmHH9EJN/segments/2025-09-20-17-42-51-000000/front_1/000049.mp4,/__modal/volumes/vo-UZL6XRNnGfsFjlpmHH9EJN/episodes/2025-09-20-17-42-51-000000,True,,fold_clothes__1,8.398305114610093,0.973404255319149,0.17553191489361697,False,True,facility_location_gain_per_second
2025-09-20-17-42-51-000000,2025-09-20-17-42-51-000000:front_1:000050,fold_clothes,50.0,51.0,1.0,1500,1530,1.0,1.0,1.0,0.0,0,per_frame_inverse_head_to_world:obs_head_pose,/__modal/volumes/vo-UZL6XRNnGfsFjlpmHH9EJN/episodes/2025-09-20-17-42-51-000000,/__modal/volumes/vo-UZL6XRNnGfsFjlpmHH9EJN/segments/2025-09-20-17-42-51-000000/front_1/000050.mp4,/__modal/volumes/vo-UZL6XRNnGfsFjlpmHH9EJN/episodes/2025-09-20-17-42-51-000000,True,,fold_clothes__1,3.238084482066946,0.14893617021276595,0.17553191489361697,False,False,
2025-09-20-17-42-51-000000,2025-09-20-17-42-51-000000:front_1:000051,fold_clothes,51.0,52.0,1.0,1530,1560,1.0,1.0,1.0,0.0,0,per_frame_inverse_head_to_world:obs_head_pose,/__modal/volumes/vo-UZL6XRNnGfsFjlpmHH9EJN/episodes/2025-09-20-17-42-51-000000,/__modal/volumes/vo-UZL6XRNnGfsFjlpmHH9EJN/segments/2025-09-20-17-42-51-000000/front_1/000051.mp4,/__modal/volumes/vo-UZL6XRNnGfsFjlpmHH9EJN/episodes/2025-09-20-17-42-51-000000,True,,fold_clothes__1,3.397374814361482,0.22872340425531915,0.17553191489361697,False,True,facility_location_gain_per_second
2025-09-20-17-42-51-000000,2025-09-20-17-42-51-000000:front_1:000052,fold_clothes,52.0,53.0,1.0,1560,1590,1.0,1.0,1.0,0.0,0,per_frame_inverse_head_to_world:obs_head_pose,/__modal/volumes/vo-UZL6XRNnGfsFjlpmHH9EJN/episodes/2025-09-20-17-42-51-000000,/__modal/volumes/vo-UZL6XRNnGfsFjlpmHH9EJN/segments/2025-09-20-17-42-51-000000/front_1/000052.mp4,/__modal/volumes/vo-UZL6XRNnGfsFjlpmHH9EJN/episodes/2025-09-20-17-42-51-000000,True,,fold_clothes__1,3.499007091938693,0.2925531914893617,0.17553191489361697,False,True,facility_location_gain_per_second
2025-09-20-17-42-51-000000,2025-09-20-17-42-51-000000:front_1:000053,fold_clothes,53.0,54.0,1.0,1590,1620,1.0,1.0,1.0,0.0,0,per_frame_inverse_head_to_world:obs_head_pose,/__modal/volumes/vo-UZL6XRNnGfsFjlpmHH9EJN/episodes/2025-09-20-17-42-51-000000,/__modal/volumes/vo-UZL6XRNnGfsFjlpmHH9EJN/segments/2025-09-20-17-42-51-000000/front_1/000053.mp4,/__modal/volumes/vo-UZL6XRNnGfsFjlpmHH9EJN/episodes/2025-09-20-17-42-51-000000,True,,fold_clothes__0,3.2675066830717867,0.1702127659574468,0.824468085106383,False,True,facility_location_gain_per_second
2025-09-20-17-42-51-000000,2025-09-20-17-42-51-000000:front_1:000054,fold_clothes,54.0,55.0,1.0,1620,1650,1.0,1.0,1.0,0.0,0,per_frame_inverse_head_to_world:obs_head_pose,/__modal/volumes/vo-UZL6XRNnGfsFjlpmHH9EJN/episodes/2025-09-20-17-42-51-000000,/__modal/volumes/vo-UZL6XRNnGfsFjlpmHH9EJN/segments/2025-09-20-17-42-51-000000/front_1/000054.mp4,/__modal/volumes/vo-UZL6XRNnGfsFjlpmHH9EJN/episodes/2025-09-20-17-42-51-000000,True,,fold_clothes__1,3.6428277433892022,0.34574468085106386,0.17553191489361697,False,False,
2025-09-20-17-42-51-000000,2025-09-20-17-42-51-000000:front_1:000055,fold_clothes,55.0,56.0,1.0,1650,1680,1.0,1.0,1.0,0.0,0,per_frame_inverse_head_to_world:obs_head_pose,/__modal/volumes/vo-UZL6XRNnGfsFjlpmHH9EJN/episodes/2025-09-20-17-42-51-000000,/__modal/volumes/vo-UZL6XRNnGfsFjlpmHH9EJN/segments/2025-09-20-17-42-51-000000/front_1/000055.mp4,/__modal/volumes/vo-UZL6XRNnGfsFjlpmHH9EJN/episodes/2025-09-20-17-42-51-000000,True,,fold_clothes__1,6.5504898807347445,0.9468085106382979,0.17553191489361697,False,True,facility_location_gain_per_second
2025-09-20-17-42-51-000000,2025-09-20-17-42-51-000000:front_1:000056,fold_clothes,56.0,57.0,1.0,1680,1710,1.0,1.0,1.0,0.0,0,per_frame_inverse_head_to_world:obs_head_pose,/__modal/volumes/vo-UZL6XRNnGfsFjlpmHH9EJN/episodes/2025-09-20-17-42-51-000000,/__modal/volumes/vo-UZL6XRNnGfsFjlpmHH9EJN/segments/2025-09-20-17-42-51-000000/front_1/000056.mp4,/__modal/volumes/vo-UZL6XRNnGfsFjlpmHH9EJN/episodes/2025-09-20-17-42-51-000000,True,,fold_clothes__1,3.1537299339411478,0.12234042553191489,0.17553191489361697,False,False,
2025-09-20-17-42-51-000000,2025-09-20-17-42-51-000000:front_1:000057,fold_clothes,57.0,58.0,1.0,1710,1740,1.0,1.0,1.0,0.0,0,per_frame_inverse_head_to_world:obs_head_pose,/__modal/volumes/vo-UZL6XRNnGfsFjlpmHH9EJN/episodes/2025-09-20-17-42-51-000000,/__modal/volumes/vo-UZL6XRNnGfsFjlpmHH9EJN/segments/2025-09-20-17-42-51-000000/front_1/000057.mp4,/__modal/volumes/vo-UZL6XRNnGfsFjlpmHH9EJN/episodes/2025-09-20-17-42-51-000000,True,,fold_clothes__1,3.445898857831318,0.2553191489361702,0.17553191489361697,False,True,facility_location_gain_per_second
2025-09-20-17-42-51-000000,2025-09-20-17-42-51-000000:front_1:000058,fold_clothes,58.0,59.0,1.0,1740,1770,1.0,1.0,1.0,0.0,0,per_frame_inverse_head_to_world:obs_head_pose,/__modal/volumes/vo-UZL6XRNnGfsFjlpmHH9EJN/episodes/2025-09-20-17-42-51-000000,/__modal/volumes/vo-UZL6XRNnGfsFjlpmHH9EJN/segments/2025-09-20-17-42-51-000000/front_1/000058.mp4,/__modal/volumes/vo-UZL6XRNnGfsFjlpmHH9EJN/episodes/2025-09-20-17-42-51-000000,True,,fold_clothes__1,4.046949607621421,0.5319148936170213,0.17553191489361697,False,False,
2025-09-20-17-42-51-000000,2025-09-20-17-42-51-000000:front_1:000059,fold_clothes,59.0,60.0,1.0,1770,1800,1.0,1.0,1.0,0.0,0,per_frame_inverse_head_to_world:obs_head_pose,/__modal/volumes/vo-UZL6XRNnGfsFjlpmHH9EJN/episodes/2025-09-20-17-42-51-000000,/__modal/volumes/vo-UZL6XRNnGfsFjlpmHH9EJN/segments/2025-09-20-17-42-51-000000/front_1/000059.mp4,/__modal/volumes/vo-UZL6XRNnGfsFjlpmHH9EJN/episodes/2025-09-20-17-42-51-000000,True,,fold_clothes__1,2.764830746570689,0.05851063829787234,0.17553191489361697,False,True,facility_location_gain_per_second
2025-09-20-17-42-51-000000,2025-09-20-17-42-51-000000:front_1:000060,fold_clothes,60.0,61.0,1.0,1800,1830,1.0,1.0,1.0,0.0,0,per_frame_inverse_head_to_world:obs_head_pose,/__modal/volumes/vo-UZL6XRNnGfsFjlpmHH9EJN/episodes/2025-09-20-17-42-51-000000,/__modal/volumes/vo-UZL6XRNnGfsFjlpmHH9EJN/segments/2025-09-20-17-42-51-000000/front_1/000060.mp4,/__modal/volumes/vo-UZL6XRNnGfsFjlpmHH9EJN/episodes/2025-09-20-17-42-51-000000,True,,fold_clothes__1,3.4581930180671643,0.26063829787234044,0.17553191489361697,False,False,
2025-09-20-17-42-51-000000,2025-09-20-17-42-51-000000:front_1:000061,fold_clothes,61.0,62.0,1.0,1830,1860,1.0,1.0,1.0,0.0,0,per_frame_inverse_head_to_world:obs_head_pose,/__modal/volumes/vo-UZL6XRNnGfsFjlpmHH9EJN/episodes/2025-09-20-17-42-51-000000,/__modal/volumes/vo-UZL6XRNnGfsFjlpmHH9EJN/segments/2025-09-20-17-42-51-000000/front_1/000061.mp4,/__modal/volumes/vo-UZL6XRNnGfsFjlpmHH9EJN/episodes/2025-09-20-17-42-51-000000,True,,fold_clothes__1,3.9641083533958685,0.48404255319148937,0.17553191489361697,False,False,
2025-09-20-17-42-51-000000,2025-09-20-17-42-51-000000:front_1:000062,fold_clothes,62.0,63.0,1.0,1860,1890,1.0,1.0,1.0,0.0,0,per_frame_inverse_head_to_world:obs_head_pose,/__modal/volumes/vo-UZL6XRNnGfsFjlpmHH9EJN/episodes/2025-09-20-17-42-51-000000,/__modal/volumes/vo-UZL6XRNnGfsFjlpmHH9EJN/segments/2025-09-20-17-42-51-000000/front_1/000062.mp4,/__modal/volumes/vo-UZL6XRNnGfsFjlpmHH9EJN/episodes/2025-09-20-17-42-51-000000,True,,fold_clothes__0,4.087407776967761,0.5797872340425532,0.824468085106383,False,True,facility_location_gain_per_second
2025-09-20-17-42-51-000000,2025-09-20-17-42-51-000000:front_1:000063,fold_clothes,63.0,64.0,1.0,1890,1920,1.0,1.0,1.0,0.0,0,per_frame_inverse_head_to_world:obs_head_pose,/__modal/volumes/vo-UZL6XRNnGfsFjlpmHH9EJN/episodes/2025-09-20-17-42-51-000000,/__modal/volumes/vo-UZL6XRNnGfsFjlpmHH9EJN/segments/2025-09-20-17-42-51-000000/front_1/000063.mp4,/__modal/volumes/vo-UZL6XRNnGfsFjlpmHH9EJN/episodes/2025-09-20-17-42-51-000000,True,,fold_clothes__1,3.0553071520298816,0.09042553191489362,0.17553191489361697,False,True,facility_location_gain_per_second
2025-09-20-17-42-51-000000,2025-09-20-17-42-51-000000:front_1:000064,fold_clothes,64.0,65.0,1.0,1920,1950,1.0,1.0,1.0,0.0,0,per_frame_inverse_head_to_world:obs_head_pose,/__modal/volumes/vo-UZL6XRNnGfsFjlpmHH9EJN/episodes/2025-09-20-17-42-51-000000,/__modal/volumes/vo-UZL6XRNnGfsFjlpmHH9EJN/segments/2025-09-20-17-42-51-000000/front_1/000064.mp4,/__modal/volumes/vo-UZL6XRNnGfsFjlpmHH9EJN/episodes/2025-09-20-17-42-51-000000,True,,fold_clothes__1,3.2798874772118403,0.17553191489361702,0.17553191489361697,False,True,facility_location_gain_per_second
2025-09-20-17-42-51-000000,2025-09-20-17-42-51-000000:front_1:000065,fold_clothes,65.0,66.0,1.0,1950,1980,1.0,1.0,1.0,0.0,0,per_frame_inverse_head_to_world:obs_head_pose,/__modal/volumes/vo-UZL6XRNnGfsFjlpmHH9EJN/episodes/2025-09-20-17-42-51-000000,/__modal/volumes/vo-UZL6XRNnGfsFjlpmHH9EJN/segments/2025-09-20-17-42-51-000000/front_1/000065.mp4,/__modal/volumes/vo-UZL6XRNnGfsFjlpmHH9EJN/episodes/2025-09-20-17-42-51-000000,True,,fold_clothes__0,3.875022920006875,0.4308510638297872,0.824468085106383,False,False,
2025-09-20-17-42-51-000000,2025-09-20-17-42-51-000000:front_1:000066,fold_clothes,66.0,67.0,1.0,1980,2010,1.0,1.0,1.0,0.0,0,per_frame_inverse_head_to_world:obs_head_pose,/__modal/volumes/vo-UZL6XRNnGfsFjlpmHH9EJN/episodes/2025-09-20-17-42-51-000000,/__modal/volumes/vo-UZL6XRNnGfsFjlpmHH9EJN/segments/2025-09-20-17-42-51-000000/front_1/000066.mp4,/__modal/volumes/vo-UZL6XRNnGfsFjlpmHH9EJN/episodes/2025-09-20-17-42-51-000000,True,,fold_clothes__1,3.429382351683415,0.25,0.17553191489361697,False,False,
2025-09-20-17-42-51-000000,2025-09-20-17-42-51-000000:front_1:000067,fold_clothes,67.0,68.0,1.0,2010,2040,1.0,1.0,1.0,0.0,0,per_frame_inverse_head_to_world:obs_head_pose,/__modal/volumes/vo-UZL6XRNnGfsFjlpmHH9EJN/episodes/2025-09-20-17-42-51-000000,/__modal/volumes/vo-UZL6XRNnGfsFjlpmHH9EJN/segments/2025-09-20-17-42-51-000000/front_1/000067.mp4,/__modal/volumes/vo-UZL6XRNnGfsFjlpmHH9EJN/episodes/2025-09-20-17-42-51-000000,True,,fold_clothes__1,4.135078763523877,0.5957446808510638,0.17553191489361697,False,False,
2025-09-20-17-42-51-000000,2025-09-20-17-42-51-000000:front_1:000068,fold_clothes,68.0,69.0,1.0,2040,2070,1.0,1.0,1.0,0.0,0,per_frame_inverse_head_to_world:obs_head_pose,/__modal/volumes/vo-UZL6XRNnGfsFjlpmHH9EJN/episodes/2025-09-20-17-42-51-000000,/__modal/volumes/vo-UZL6XRNnGfsFjlpmHH9EJN/segments/2025-09-20-17-42-51-000000/front_1/000068.mp4,/__modal/volumes/vo-UZL6XRNnGfsFjlpmHH9EJN/episodes/2025-09-20-17-42-51-000000,True,,fold_clothes__0,4.059905433664124,0.5531914893617021,0.824468085106383,False,False,
2025-09-20-17-42-51-000000,2025-09-20-17-42-51-000000:front_1:000069,fold_clothes,69.0,70.0,1.0,2070,2100,1.0,1.0,1.0,0.0,0,per_frame_inverse_head_to_world:obs_head_pose,/__modal/volumes/vo-UZL6XRNnGfsFjlpmHH9EJN/episodes/2025-09-20-17-42-51-000000,/__modal/volumes/vo-UZL6XRNnGfsFjlpmHH9EJN/segments/2025-09-20-17-42-51-000000/front_1/000069.mp4,/__modal/volumes/vo-UZL6XRNnGfsFjlpmHH9EJN/episodes/2025-09-20-17-42-51-000000,True,,fold_clothes__1,4.294757920320227,0.6542553191489362,0.17553191489361697,False,False,
2025-09-20-17-42-51-000000,2025-09-20-17-42-51-000000:front_1:000070,fold_clothes,70.0,71.0,1.0,2100,2130,1.0,1.0,1.0,0.0,0,per_frame_inverse_head_to_world:obs_head_pose,/__modal/volumes/vo-UZL6XRNnGfsFjlpmHH9EJN/episodes/2025-09-20-17-42-51-000000,/__modal/volumes/vo-UZL6XRNnGfsFjlpmHH9EJN/segments/2025-09-20-17-42-51-000000/front_1/000070.mp4,/__modal/volumes/vo-UZL6XRNnGfsFjlpmHH9EJN/episodes/2025-09-20-17-42-51-000000,True,,fold_clothes__1,4.633718057434136,0.75,0.17553191489361697,False,True,facility_location_gain_per_second
2025-09-20-17-42-51-000000,2025-09-20-17-42-51-000000:front_1:000071,fold_clothes,71.0,72.0,1.0,2130,2160,1.0,1.0,1.0,0.0,0,per_frame_inverse_head_to_world:obs_head_pose,/__modal/volumes/vo-UZL6XRNnGfsFjlpmHH9EJN/episodes/2025-09-20-17-42-51-000000,/__modal/volumes/vo-UZL6XRNnGfsFjlpmHH9EJN/segments/2025-09-20-17-42-51-000000/front_1/000071.mp4,/__modal/volumes/vo-UZL6XRNnGfsFjlpmHH9EJN/episodes/2025-09-20-17-42-51-000000,True,,fold_clothes__0,5.482430512576975,0.8776595744680851,0.824468085106383,False,True,facility_location_gain_per_second
2025-09-20-17-42-51-000000,2025-09-20-17-42-51-000000:front_1:000072,fold_clothes,72.0,73.0,1.0,2160,2190,1.0,1.0,1.0,0.0,0,per_frame_inverse_head_to_world:obs_head_pose,/__modal/volumes/vo-UZL6XRNnGfsFjlpmHH9EJN/episodes/2025-09-20-17-42-51-000000,/__modal/volumes/vo-UZL6XRNnGfsFjlpmHH9EJN/segments/2025-09-20-17-42-51-000000/front_1/000072.mp4,/__modal/volumes/vo-UZL6XRNnGfsFjlpmHH9EJN/episodes/2025-09-20-17-42-51-000000,True,,fold_clothes__1,4.123444254603489,0.5904255319148937,0.17553191489361697,False,False,
2025-09-20-17-42-51-000000,2025-09-20-17-42-51-000000:front_1:000073,fold_clothes,73.0,74.0,1.0,2190,2220,1.0,1.0,1.0,0.0,0,per_frame_inverse_head_to_world:obs_head_pose,/__modal/volumes/vo-UZL6XRNnGfsFjlpmHH9EJN/episodes/2025-09-20-17-42-51-000000,/__modal/volumes/vo-UZL6XRNnGfsFjlpmHH9EJN/segments/2025-09-20-17-42-51-000000/front_1/000073.mp4,/__modal/volumes/vo-UZL6XRNnGfsFjlpmHH9EJN/episodes/2025-09-20-17-42-51-000000,True,,fold_clothes__1,3.2818095999618935,0.18085106382978725,0.17553191489361697,False,False,
2025-09-20-17-42-51-000000,2025-09-20-17-42-51-000000:front_1:000074,fold_clothes,74.0,75.0,1.0,2220,2250,1.0,1.0,1.0,0.0,0,per_frame_inverse_head_to_world:obs_head_pose,/__modal/volumes/vo-UZL6XRNnGfsFjlpmHH9EJN/episodes/2025-09-20-17-42-51-000000,/__modal/volumes/vo-UZL6XRNnGfsFjlpmHH9EJN/segments/2025-09-20-17-42-51-000000/front_1/000074.mp4,/__modal/volumes/vo-UZL6XRNnGfsFjlpmHH9EJN/episodes/2025-09-20-17-42-51-000000,True,,fold_clothes__1,3.605065131596563,0.324468085106383,0.17553191489361697,False,False,
2025-09-20-17-42-51-000000,2025-09-20-17-42-51-000000:front_1:000075,fold_clothes,75.0,76.0,1.0,2250,2280,1.0,1.0,1.0,0.0,0,per_frame_inverse_head_to_world:obs_head_pose,/__modal/volumes/vo-UZL6XRNnGfsFjlpmHH9EJN/episodes/2025-09-20-17-42-51-000000,/__modal/volumes/vo-UZL6XRNnGfsFjlpmHH9EJN/segments/2025-09-20-17-42-51-000000/front_1/000075.mp4,/__modal/volumes/vo-UZL6XRNnGfsFjlpmHH9EJN/episodes/2025-09-20-17-42-51-000000,True,,fold_clothes__0,4.19702721285134,0.6170212765957447,0.824468085106383,False,False,
2025-09-20-17-42-51-000000,2025-09-20-17-42-51-000000:front_1:000076,fold_clothes,76.0,77.0,1.0,2280,2310,1.0,1.0,1.0,0.0,0,per_frame_inverse_head_to_world:obs_head_pose,/__modal/volumes/vo-UZL6XRNnGfsFjlpmHH9EJN/episodes/2025-09-20-17-42-51-000000,/__modal/volumes/vo-UZL6XRNnGfsFjlpmHH9EJN/segments/2025-09-20-17-42-51-000000/front_1/000076.mp4,/__modal/volumes/vo-UZL6XRNnGfsFjlpmHH9EJN/episodes/2025-09-20-17-42-51-000000,True,,fold_clothes__1,3.1618617646846574,0.13297872340425532,0.17553191489361697,False,True,facility_location_gain_per_second
2025-09-20-17-42-51-000000,2025-09-20-17-42-51-000000:front_1:000077,fold_clothes,77.0,78.0,1.0,2310,2340,1.0,1.0,1.0,0.0,0,per_frame_inverse_head_to_world:obs_head_pose,/__modal/volumes/vo-UZL6XRNnGfsFjlpmHH9EJN/episodes/2025-09-20-17-42-51-000000,/__modal/volumes/vo-UZL6XRNnGfsFjlpmHH9EJN/segments/2025-09-20-17-42-51-000000/front_1/000077.mp4,/__modal/volumes/vo-UZL6XRNnGfsFjlpmHH9EJN/episodes/2025-09-20-17-42-51-000000,True,,fold_clothes__1,4.326750440404249,0.6702127659574468,0.17553191489361697,False,False,
2025-09-20-17-42-51-000000,2025-09-20-17-42-51-000000:front_1:000078,fold_clothes,78.0,79.0,1.0,2340,2370,1.0,1.0,1.0,0.0,0,per_frame_inverse_head_to_world:obs_head_pose,/__modal/volumes/vo-UZL6XRNnGfsFjlpmHH9EJN/episodes/2025-09-20-17-42-51-000000,/__modal/volumes/vo-UZL6XRNnGfsFjlpmHH9EJN/segments/2025-09-20-17-42-51-000000/front_1/000078.mp4,/__modal/volumes/vo-UZL6XRNnGfsFjlpmHH9EJN/episodes/2025-09-20-17-42-51-000000,True,,fold_clothes__0,3.7764915089537823,0.3882978723404255,0.824468085106383,False,False,
2025-09-20-17-42-51-000000,2025-09-20-17-42-51-000000:front_1:000079,fold_clothes,79.0,80.0,1.0,2370,2400,1.0,1.0,1.0,0.0,0,per_frame_inverse_head_to_world:obs_head_pose,/__modal/volumes/vo-UZL6XRNnGfsFjlpmHH9EJN/episodes/2025-09-20-17-42-51-000000,/__modal/volumes/vo-UZL6XRNnGfsFjlpmHH9EJN/segments/2025-09-20-17-42-51-000000/front_1/000079.mp4,/__modal/volumes/vo-UZL6XRNnGfsFjlpmHH9EJN/episodes/2025-09-20-17-42-51-000000,True,,fold_clothes__1,2.9386346483180867,0.0851063829787234,0.17553191489361697,False,False,
2025-09-20-17-42-51-000000,2025-09-20-17-42-51-000000:front_1:000080,fold_clothes,80.0,81.0,1.0,2400,2430,1.0,1.0,1.0,0.0,0,per_frame_inverse_head_to_world:obs_head_pose,/__modal/volumes/vo-UZL6XRNnGfsFjlpmHH9EJN/episodes/2025-09-20-17-42-51-000000,/__modal/volumes/vo-UZL6XRNnGfsFjlpmHH9EJN/segments/2025-09-20-17-42-51-000000/front_1/000080.mp4,/__modal/volumes/vo-UZL6XRNnGfsFjlpmHH9EJN/episodes/2025-09-20-17-42-51-000000,True,,fold_clothes__1,3.818820316753422,0.4095744680851064,0.17553191489361697,False,False,
2025-09-20-17-42-51-000000,2025-09-20-17-42-51-000000:front_1:000081,fold_clothes,81.0,82.0,1.0,2430,2460,1.0,1.0,1.0,0.0,0,per_frame_inverse_head_to_world:obs_head_pose,/__modal/volumes/vo-UZL6XRNnGfsFjlpmHH9EJN/episodes/2025-09-20-17-42-51-000000,/__modal/volumes/vo-UZL6XRNnGfsFjlpmHH9EJN/segments/2025-09-20-17-42-51-000000/front_1/000081.mp4,/__modal/volumes/vo-UZL6XRNnGfsFjlpmHH9EJN/episodes/2025-09-20-17-42-51-000000,True,,fold_clothes__1,3.743709720744472,0.3723404255319149,0.17553191489361697,False,False,
2025-09-20-17-42-51-000000,2025-09-20-17-42-51-000000:front_1:000082,fold_clothes,82.0,83.0,1.0,2460,2490,1.0,1.0,1.0,0.0,0,per_frame_inverse_head_to_world:obs_head_pose,/__modal/volumes/vo-UZL6XRNnGfsFjlpmHH9EJN/episodes/2025-09-20-17-42-51-000000,/__modal/volumes/vo-UZL6XRNnGfsFjlpmHH9EJN/segments/2025-09-20-17-42-51-000000/front_1/000082.mp4,/__modal/volumes/vo-UZL6XRNnGfsFjlpmHH9EJN/episodes/2025-09-20-17-42-51-000000,True,,fold_clothes__1,4.523781565577825,0.7180851063829787,0.17553191489361697,False,True,facility_location_gain_per_second
2025-09-20-17-42-51-000000,2025-09-20-17-42-51-000000:front_1:000083,fold_clothes,83.0,84.0,1.0,2490,2520,1.0,1.0,1.0,0.0,0,per_frame_inverse_head_to_world:obs_head_pose,/__modal/volumes/vo-UZL6XRNnGfsFjlpmHH9EJN/episodes/2025-09-20-17-42-51-000000,/__modal/volumes/vo-UZL6XRNnGfsFjlpmHH9EJN/segments/2025-09-20-17-42-51-000000/front_1/000083.mp4,/__modal/volumes/vo-UZL6XRNnGfsFjlpmHH9EJN/episodes/2025-09-20-17-42-51-000000,True,,fold_clothes__1,4.086943439127822,0.574468085106383,0.17553191489361697,False,False,
2025-09-20-17-42-51-000000,2025-09-20-17-42-51-000000:front_1:000084,fold_clothes,84.0,85.0,1.0,2520,2550,1.0,1.0,1.0,0.0,0,per_frame_inverse_head_to_world:obs_head_pose,/__modal/volumes/vo-UZL6XRNnGfsFjlpmHH9EJN/episodes/2025-09-20-17-42-51-000000,/__modal/volumes/vo-UZL6XRNnGfsFjlpmHH9EJN/segments/2025-09-20-17-42-51-000000/front_1/000084.mp4,/__modal/volumes/vo-UZL6XRNnGfsFjlpmHH9EJN/episodes/2025-09-20-17-42-51-000000,True,,fold_clothes__0,4.453416218870851,0.6914893617021277,0.824468085106383,False,False,
2025-09-20-17-42-51-000000,2025-09-20-17-42-51-000000:front_1:000085,fold_clothes,85.0,86.0,1.0,2550,2580,1.0,1.0,1.0,0.0,0,per_frame_inverse_head_to_world:obs_head_pose,/__modal/volumes/vo-UZL6XRNnGfsFjlpmHH9EJN/episodes/2025-09-20-17-42-51-000000,/__modal/volumes/vo-UZL6XRNnGfsFjlpmHH9EJN/segments/2025-09-20-17-42-51-000000/front_1/000085.mp4,/__modal/volumes/vo-UZL6XRNnGfsFjlpmHH9EJN/episodes/2025-09-20-17-42-51-000000,True,,fold_clothes__1,4.268019637734419,0.648936170212766,0.17553191489361697,False,False,
2025-09-20-17-42-51-000000,2025-09-20-17-42-51-000000:front_1:000086,fold_clothes,86.0,87.0,1.0,2580,2610,1.0,1.0,1.0,0.0,0,per_frame_inverse_head_to_world:obs_head_pose,/__modal/volumes/vo-UZL6XRNnGfsFjlpmHH9EJN/episodes/2025-09-20-17-42-51-000000,/__modal/volumes/vo-UZL6XRNnGfsFjlpmHH9EJN/segments/2025-09-20-17-42-51-000000/front_1/000086.mp4,/__modal/volumes/vo-UZL6XRNnGfsFjlpmHH9EJN/episodes/2025-09-20-17-42-51-000000,True,,fold_clothes__1,3.894658136615957,0.4574468085106383,0.17553191489361697,False,True,facility_location_gain_per_second
2025-09-20-17-42-51-000000,2025-09-20-17-42-51-000000:front_1:000087,fold_clothes,87.0,88.0,1.0,2610,2640,1.0,1.0,1.0,0.0,0,per_frame_inverse_head_to_world:obs_head_pose,/__modal/volumes/vo-UZL6XRNnGfsFjlpmHH9EJN/episodes/2025-09-20-17-42-51-000000,/__modal/volumes/vo-UZL6XRNnGfsFjlpmHH9EJN/segments/2025-09-20-17-42-51-000000/front_1/000087.mp4,/__modal/volumes/vo-UZL6XRNnGfsFjlpmHH9EJN/episodes/2025-09-20-17-42-51-000000,True,,fold_clothes__0,3.9676206694865797,0.48936170212765956,0.824468085106383,False,False,
2025-09-20-17-42-51-000000,2025-09-20-17-42-51-000000:front_1:000088,fold_clothes,88.0,89.0,1.0,2640,2670,1.0,1.0,1.0,0.0,0,per_frame_inverse_head_to_world:obs_head_pose,/__modal/volumes/vo-UZL6XRNnGfsFjlpmHH9EJN/episodes/2025-09-20-17-42-51-000000,/__modal/volumes/vo-UZL6XRNnGfsFjlpmHH9EJN/segments/2025-09-20-17-42-51-000000/front_1/000088.mp4,/__modal/volumes/vo-UZL6XRNnGfsFjlpmHH9EJN/episodes/2025-09-20-17-42-51-000000,True,,fold_clothes__1,3.354070867550855,0.2127659574468085,0.17553191489361697,False,False,
2025-09-20-17-42-51-000000,2025-09-20-17-42-51-000000:front_1:000089,fold_clothes,89.0,90.0,1.0,2670,2700,1.0,1.0,1.0,0.0,0,per_frame_inverse_head_to_world:obs_head_pose,/__modal/volumes/vo-UZL6XRNnGfsFjlpmHH9EJN/episodes/2025-09-20-17-42-51-000000,/__modal/volumes/vo-UZL6XRNnGfsFjlpmHH9EJN/segments/2025-09-20-17-42-51-000000/front_1/000089.mp4,/__modal/volumes/vo-UZL6XRNnGfsFjlpmHH9EJN/episodes/2025-09-20-17-42-51-000000,True,,fold_clothes__1,3.761583590677977,0.3829787234042553,0.17553191489361697,False,False,
2025-09-20-17-42-51-000000,2025-09-20-17-42-51-000000:front_1:000090,fold_clothes,90.0,91.0,1.0,2700,2730,1.0,1.0,1.0,0.0,0,per_frame_inverse_head_to_world:obs_head_pose,/__modal/volumes/vo-UZL6XRNnGfsFjlpmHH9EJN/episodes/2025-09-20-17-42-51-000000,/__modal/volumes/vo-UZL6XRNnGfsFjlpmHH9EJN/segments/2025-09-20-17-42-51-000000/front_1/000090.mp4,/__modal/volumes/vo-UZL6XRNnGfsFjlpmHH9EJN/episodes/2025-09-20-17-42-51-000000,True,,fold_clothes__0,4.665621469554848,0.7659574468085106,0.824468085106383,False,False,
2025-09-20-17-42-51-000000,2025-09-20-17-42-51-000000:front_1:000091,fold_clothes,91.0,92.0,1.0,2730,2760,1.0,1.0,1.0,0.0,0,per_frame_inverse_head_to_world:obs_head_pose,/__modal/volumes/vo-UZL6XRNnGfsFjlpmHH9EJN/episodes/2025-09-20-17-42-51-000000,/__modal/volumes/vo-UZL6XRNnGfsFjlpmHH9EJN/segments/2025-09-20-17-42-51-000000/front_1/000091.mp4,/__modal/volumes/vo-UZL6XRNnGfsFjlpmHH9EJN/episodes/2025-09-20-17-42-51-000000,True,,fold_clothes__1,3.10779696833781,0.10638297872340426,0.17553191489361697,False,False,
2025-09-20-17-42-51-000000,2025-09-20-17-42-51-000000:front_1:000092,fold_clothes,92.0,93.0,1.0,2760,2790,1.0,1.0,1.0,0.0,0,per_frame_inverse_head_to_world:obs_head_pose,/__modal/volumes/vo-UZL6XRNnGfsFjlpmHH9EJN/episodes/2025-09-20-17-42-51-000000,/__modal/volumes/vo-UZL6XRNnGfsFjlpmHH9EJN/segments/2025-09-20-17-42-51-000000/front_1/000092.mp4,/__modal/volumes/vo-UZL6XRNnGfsFjlpmHH9EJN/episodes/2025-09-20-17-42-51-000000,True,,fold_clothes__1,4.067861085809911,0.5638297872340425,0.17553191489361697,False,False,
2025-09-20-17-42-51-000000,2025-09-20-17-42-51-000000:front_1:000093,fold_clothes,93.0,93.6,0.6,2790,2808,1.0,1.0,1.0,0.0,0,per_frame_inverse_head_to_world:obs_head_pose,/__modal/volumes/vo-UZL6XRNnGfsFjlpmHH9EJN/episodes/2025-09-20-17-42-51-000000,/__modal/volumes/vo-UZL6XRNnGfsFjlpmHH9EJN/segments/2025-09-20-17-42-51-000000/front_1/000093.mp4,/__modal/volumes/vo-UZL6XRNnGfsFjlpmHH9EJN/episodes/2025-09-20-17-42-51-000000,True,,fold_clothes__1,13.620042978696636,1.0,0.17553191489361697,False,True,facility_location_gain_per_second
2025-09-20-17-47-54-000000,2025-09-20-17-47-54-000000:front_1:000000,fold_clothes,0.0,1.0,1.0,0,30,1.0,1.0,1.0,0.0,0,per_frame_inverse_head_to_world:obs_head_pose,/__modal/volumes/vo-UZL6XRNnGfsFjlpmHH9EJN/episodes/2025-09-20-17-47-54-000000,/__modal/volumes/vo-UZL6XRNnGfsFjlpmHH9EJN/segments/2025-09-20-17-47-54-000000/front_1/000000.mp4,/__modal/volumes/vo-UZL6XRNnGfsFjlpmHH9EJN/episodes/2025-09-20-17-47-54-000000,True,,fold_clothes__1,2.6413129093783043,0.03723404255319149,0.17553191489361697,False,True,facility_location_gain_per_second
2025-09-20-17-47-54-000000,2025-09-20-17-47-54-000000:front_1:000001,fold_clothes,1.0,2.0,1.0,30,60,1.0,1.0,1.0,0.0,0,per_frame_inverse_head_to_world:obs_head_pose,/__modal/volumes/vo-UZL6XRNnGfsFjlpmHH9EJN/episodes/2025-09-20-17-47-54-000000,/__modal/volumes/vo-UZL6XRNnGfsFjlpmHH9EJN/segments/2025-09-20-17-47-54-000000/front_1/000001.mp4,/__modal/volumes/vo-UZL6XRNnGfsFjlpmHH9EJN/episodes/2025-09-20-17-47-54-000000,True,,fold_clothes__1,2.5106948186543065,0.026595744680851064,0.17553191489361697,False,False,
2025-09-20-17-47-54-000000,2025-09-20-17-47-54-000000:front_1:000002,fold_clothes,2.0,3.0,1.0,60,90,1.0,1.0,1.0,0.0,0,per_frame_inverse_head_to_world:obs_head_pose,/__modal/volumes/vo-UZL6XRNnGfsFjlpmHH9EJN/episodes/2025-09-20-17-47-54-000000,/__modal/volumes/vo-UZL6XRNnGfsFjlpmHH9EJN/segments/2025-09-20-17-47-54-000000/front_1/000002.mp4,/__modal/volumes/vo-UZL6XRNnGfsFjlpmHH9EJN/episodes/2025-09-20-17-47-54-000000,True,,fold_clothes__1,2.507660574368166,0.02127659574468085,0.17553191489361697,False,False,
2025-09-20-17-47-54-000000,2025-09-20-17-47-54-000000:front_1:000003,fold_clothes,3.0,4.0,1.0,90,120,1.0,1.0,1.0,0.0,0,per_frame_inverse_head_to_world:obs_head_pose,/__modal/volumes/vo-UZL6XRNnGfsFjlpmHH9EJN/episodes/2025-09-20-17-47-54-000000,/__modal/volumes/vo-UZL6XRNnGfsFjlpmHH9EJN/segments/2025-09-20-17-47-54-000000/front_1/000003.mp4,/__modal/volumes/vo-UZL6XRNnGfsFjlpmHH9EJN/episodes/2025-09-20-17-47-54-000000,True,,fold_clothes__1,3.5874864788923433,0.31382978723404253,0.17553191489361697,False,True,facility_location_gain_per_second
2025-09-20-17-47-54-000000,2025-09-20-17-47-54-000000:front_1:000004,fold_clothes,4.0,5.0,1.0,120,150,1.0,1.0,1.0,0.0,0,per_frame_inverse_head_to_world:obs_head_pose,/__modal/volumes/vo-UZL6XRNnGfsFjlpmHH9EJN/episodes/2025-09-20-17-47-54-000000,/__modal/volumes/vo-UZL6XRNnGfsFjlpmHH9EJN/segments/2025-09-20-17-47-54-000000/front_1/000004.mp4,/__modal/volumes/vo-UZL6XRNnGfsFjlpmHH9EJN/episodes/2025-09-20-17-47-54-000000,True,,fold_clothes__1,2.408895801063825,0.010638297872340425,0.17553191489361697,False,False,
2025-09-20-17-47-54-000000,2025-09-20-17-47-54-000000:front_1:000005,fold_clothes,5.0,6.0,1.0,150,180,1.0,1.0,1.0,0.0,0,per_frame_inverse_head_to_world:obs_head_pose,/__modal/volumes/vo-UZL6XRNnGfsFjlpmHH9EJN/episodes/2025-09-20-17-47-54-000000,/__modal/volumes/vo-UZL6XRNnGfsFjlpmHH9EJN/segments/2025-09-20-17-47-54-000000/front_1/000005.mp4,/__modal/volumes/vo-UZL6XRNnGfsFjlpmHH9EJN/episodes/2025-09-20-17-47-54-000000,True,,fold_clothes__1,2.5411611998482946,0.031914893617021274,0.17553191489361697,False,False,
2025-09-20-17-47-54-000000,2025-09-20-17-47-54-000000:front_1:000006,fold_clothes,6.0,7.0,1.0,180,210,1.0,1.0,1.0,0.0,0,per_frame_inverse_head_to_world:obs_head_pose,/__modal/volumes/vo-UZL6XRNnGfsFjlpmHH9EJN/episodes/2025-09-20-17-47-54-000000,/__modal/volumes/vo-UZL6XRNnGfsFjlpmHH9EJN/segments/2025-09-20-17-47-54-000000/front_1/000006.mp4,/__modal/volumes/vo-UZL6XRNnGfsFjlpmHH9EJN/episodes/2025-09-20-17-47-54-000000,True,,fold_clothes__1,3.466368773879945,0.26595744680851063,0.17553191489361697,False,False,
2025-09-20-17-47-54-000000,2025-09-20-17-47-54-000000:front_1:000007,fold_clothes,7.0,8.0,1.0,210,240,1.0,1.0,1.0,0.0,0,per_frame_inverse_head_to_world:obs_head_pose,/__modal/volumes/vo-UZL6XRNnGfsFjlpmHH9EJN/episodes/2025-09-20-17-47-54-000000,/__modal/volumes/vo-UZL6XRNnGfsFjlpmHH9EJN/segments/2025-09-20-17-47-54-000000/front_1/000007.mp4,/__modal/volumes/vo-UZL6XRNnGfsFjlpmHH9EJN/episodes/2025-09-20-17-47-54-000000,True,,fold_clothes__1,4.790973791627595,0.7978723404255319,0.17553191489361697,False,True,facility_location_gain_per_second
2025-09-20-17-47-54-000000,2025-09-20-17-47-54-000000:front_1:000008,fold_clothes,8.0,9.0,1.0,240,270,1.0,1.0,1.0,0.0,0,per_frame_inverse_head_to_world:obs_head_pose,/__modal/volumes/vo-UZL6XRNnGfsFjlpmHH9EJN/episodes/2025-09-20-17-47-54-000000,/__modal/volumes/vo-UZL6XRNnGfsFjlpmHH9EJN/segments/2025-09-20-17-47-54-000000/front_1/000008.mp4,/__modal/volumes/vo-UZL6XRNnGfsFjlpmHH9EJN/episodes/2025-09-20-17-47-54-000000,True,,fold_clothes__0,10.936996024373993,0.9893617021276596,0.824468085106383,False,True,facility_location_gain_per_second
2025-09-20-17-47-54-000000,2025-09-20-17-47-54-000000:front_1:000009,fold_clothes,9.0,10.0,1.0,270,300,1.0,1.0,1.0,0.0,0,per_frame_inverse_head_to_world:obs_head_pose,/__modal/volumes/vo-UZL6XRNnGfsFjlpmHH9EJN/episodes/2025-09-20-17-47-54-000000,/__modal/volumes/vo-UZL6XRNnGfsFjlpmHH9EJN/segments/2025-09-20-17-47-54-000000/front_1/000009.mp4,/__modal/volumes/vo-UZL6XRNnGfsFjlpmHH9EJN/episodes/2025-09-20-17-47-54-000000,True,,fold_clothes__1,11.95633195227435,0.9946808510638298,0.17553191489361697,False,True,facility_location_gain_per_second
2025-09-20-17-47-54-000000,2025-09-20-17-47-54-000000:front_1:000010,fold_clothes,10.0,11.0,1.0,300,330,1.0,1.0,1.0,0.0,0,per_frame_inverse_head_to_world:obs_head_pose,/__modal/volumes/vo-UZL6XRNnGfsFjlpmHH9EJN/episodes/2025-09-20-17-47-54-000000,/__modal/volumes/vo-UZL6XRNnGfsFjlpmHH9EJN/segments/2025-09-20-17-47-54-000000/front_1/000010.mp4,/__modal/volumes/vo-UZL6XRNnGfsFjlpmHH9EJN/episodes/2025-09-20-17-47-54-000000,True,,fold_clothes__1,5.850056500499439,0.9095744680851063,0.17553191489361697,False,True,facility_location_gain_per_second
2025-09-20-17-47-54-000000,2025-09-20-17-47-54-000000:front_1:000011,fold_clothes,11.0,12.0,1.0,330,360,1.0,1.0,1.0,0.0,0,per_frame_inverse_head_to_world:obs_head_pose,/__modal/volumes/vo-UZL6XRNnGfsFjlpmHH9EJN/episodes/2025-09-20-17-47-54-000000,/__modal/volumes/vo-UZL6XRNnGfsFjlpmHH9EJN/segments/2025-09-20-17-47-54-000000/front_1/000011.mp4,/__modal/volumes/vo-UZL6XRNnGfsFjlpmHH9EJN/episodes/2025-09-20-17-47-54-000000,True,,fold_clothes__1,2.7245111784344695,0.047872340425531915,0.17553191489361697,False,False,
2025-09-20-17-47-54-000000,2025-09-20-17-47-54-000000:front_1:000012,fold_clothes,12.0,13.0,1.0,360,390,1.0,1.0,1.0,0.0,0,per_frame_inverse_head_to_world:obs_head_pose,/__modal/volumes/vo-UZL6XRNnGfsFjlpmHH9EJN/episodes/2025-09-20-17-47-54-000000,/__modal/volumes/vo-UZL6XRNnGfsFjlpmHH9EJN/segments/2025-09-20-17-47-54-000000/front_1/000012.mp4,/__modal/volumes/vo-UZL6XRNnGfsFjlpmHH9EJN/episodes/2025-09-20-17-47-54-000000,True,,fold_clothes__1,3.408215101071753,0.23404255319148937,0.17553191489361697,False,False,
2025-09-20-17-47-54-000000,2025-09-20-17-47-54-000000:front_1:000013,fold_clothes,13.0,14.0,1.0,390,420,1.0,1.0,1.0,0.0,0,per_frame_inverse_head_to_world:obs_head_pose,/__modal/volumes/vo-UZL6XRNnGfsFjlpmHH9EJN/episodes/2025-09-20-17-47-54-000000,/__modal/volumes/vo-UZL6XRNnGfsFjlpmHH9EJN/segments/2025-09-20-17-47-54-000000/front_1/000013.mp4,/__modal/volumes/vo-UZL6XRNnGfsFjlpmHH9EJN/episodes/2025-09-20-17-47-54-000000,True,,fold_clothes__1,3.1588947384997503,0.1276595744680851,0.17553191489361697,False,False,
2025-09-20-17-47-54-000000,2025-09-20-17-47-54-000000:front_1:000014,fold_clothes,14.0,15.0,1.0,420,450,1.0,1.0,1.0,0.0,0,per_frame_inverse_head_to_world:obs_head_pose,/__modal/volumes/vo-UZL6XRNnGfsFjlpmHH9EJN/episodes/2025-09-20-17-47-54-000000,/__modal/volumes/vo-UZL6XRNnGfsFjlpmHH9EJN/segments/2025-09-20-17-47-54-000000/front_1/000014.mp4,/__modal/volumes/vo-UZL6XRNnGfsFjlpmHH9EJN/episodes/2025-09-20-17-47-54-000000,True,,fold_clothes__1,4.060449049788624,0.5585106382978723,0.17553191489361697,False,False,
2025-09-20-17-47-54-000000,2025-09-20-17-47-54-000000:front_1:000015,fold_clothes,15.0,16.0,1.0,450,480,1.0,1.0,1.0,0.0,0,per_frame_inverse_head_to_world:obs_head_pose,/__modal/volumes/vo-UZL6XRNnGfsFjlpmHH9EJN/episodes/2025-09-20-17-47-54-000000,/__modal/volumes/vo-UZL6XRNnGfsFjlpmHH9EJN/segments/2025-09-20-17-47-54-000000/front_1/000015.mp4,/__modal/volumes/vo-UZL6XRNnGfsFjlpmHH9EJN/episodes/2025-09-20-17-47-54-000000,True,,fold_clothes__0,5.3395810055081965,0.8617021276595744,0.824468085106383,False,False,
2025-09-20-17-47-54-000000,2025-09-20-17-47-54-000000:front_1:000016,fold_clothes,16.0,17.0,1.0,480,510,1.0,1.0,1.0,0.0,0,per_frame_inverse_head_to_world:obs_head_pose,/__modal/volumes/vo-UZL6XRNnGfsFjlpmHH9EJN/episodes/2025-09-20-17-47-54-000000,/__modal/volumes/vo-UZL6XRNnGfsFjlpmHH9EJN/segments/2025-09-20-17-47-54-000000/front_1/000016.mp4,/__modal/volumes/vo-UZL6XRNnGfsFjlpmHH9EJN/episodes/2025-09-20-17-47-54-000000,True,,fold_clothes__1,4.515385666787536,0.7127659574468085,0.17553191489361697,False,True,facility_location_gain_per_second
2025-09-20-17-47-54-000000,2025-09-20-17-47-54-000000:front_1:000017,fold_clothes,17.0,18.0,1.0,510,540,1.0,1.0,1.0,0.0,0,per_frame_inverse_head_to_world:obs_head_pose,/__modal/volumes/vo-UZL6XRNnGfsFjlpmHH9EJN/episodes/2025-09-20-17-47-54-000000,/__modal/volumes/vo-UZL6XRNnGfsFjlpmHH9EJN/segments/2025-09-20-17-47-54-000000/front_1/000017.mp4,/__modal/volumes/vo-UZL6XRNnGfsFjlpmHH9EJN/episodes/2025-09-20-17-47-54-000000,True,,fold_clothes__1,3.335454663092581,0.19680851063829788,0.17553191489361697,False,False,
2025-09-20-17-47-54-000000,2025-09-20-17-47-54-000000:front_1:000018,fold_clothes,18.0,19.0,1.0,540,570,1.0,1.0,1.0,0.0,0,per_frame_inverse_head_to_world:obs_head_pose,/__modal/volumes/vo-UZL6XRNnGfsFjlpmHH9EJN/episodes/2025-09-20-17-47-54-000000,/__modal/volumes/vo-UZL6XRNnGfsFjlpmHH9EJN/segments/2025-09-20-17-47-54-000000/front_1/000018.mp4,/__modal/volumes/vo-UZL6XRNnGfsFjlpmHH9EJN/episodes/2025-09-20-17-47-54-000000,True,,fold_clothes__1,4.205982843369706,0.6223404255319149,0.17553191489361697,False,True,facility_location_gain_per_second
2025-09-20-17-47-54-000000,2025-09-20-17-47-54-000000:front_1:000019,fold_clothes,19.0,20.0,1.0,570,600,1.0,1.0,1.0,0.0,0,per_frame_inverse_head_to_world:obs_head_pose,/__modal/volumes/vo-UZL6XRNnGfsFjlpmHH9EJN/episodes/2025-09-20-17-47-54-000000,/__modal/volumes/vo-UZL6XRNnGfsFjlpmHH9EJN/segments/2025-09-20-17-47-54-000000/front_1/000019.mp4,/__modal/volumes/vo-UZL6XRNnGfsFjlpmHH9EJN/episodes/2025-09-20-17-47-54-000000,True,,fold_clothes__1,6.01667065416661,0.9202127659574468,0.17553191489361697,False,True,facility_location_gain_per_second
2025-09-20-17-47-54-000000,2025-09-20-17-47-54-000000:front_1:000020,fold_clothes,20.0,21.0,1.0,600,630,1.0,1.0,1.0,0.0,0,per_frame_inverse_head_to_world:obs_head_pose,/__modal/volumes/vo-UZL6XRNnGfsFjlpmHH9EJN/episodes/2025-09-20-17-47-54-000000,/__modal/volumes/vo-UZL6XRNnGfsFjlpmHH9EJN/segments/2025-09-20-17-47-54-000000/front_1/000020.mp4,/__modal/volumes/vo-UZL6XRNnGfsFjlpmHH9EJN/episodes/2025-09-20-17-47-54-000000,True,,fold_clothes__0,5.278294140762707,0.8457446808510638,0.824468085106383,False,True,facility_location_gain_per_second
2025-09-20-17-47-54-000000,2025-09-20-17-47-54-000000:front_1:000021,fold_clothes,21.0,22.0,1.0,630,660,1.0,1.0,1.0,0.0,0,per_frame_inverse_head_to_world:obs_head_pose,/__modal/volumes/vo-UZL6XRNnGfsFjlpmHH9EJN/episodes/2025-09-20-17-47-54-000000,/__modal/volumes/vo-UZL6XRNnGfsFjlpmHH9EJN/segments/2025-09-20-17-47-54-000000/front_1/000021.mp4,/__modal/volumes/vo-UZL6XRNnGfsFjlpmHH9EJN/episodes/2025-09-20-17-47-54-000000,True,,fold_clothes__1,4.1060494883559295,0.5851063829787234,0.17553191489361697,False,False,
2025-09-20-17-47-54-000000,2025-09-20-17-47-54-000000:front_1:000022,fold_clothes,22.0,23.0,1.0,660,690,1.0,1.0,1.0,0.0,0,per_frame_inverse_head_to_world:obs_head_pose,/__modal/volumes/vo-UZL6XRNnGfsFjlpmHH9EJN/episodes/2025-09-20-17-47-54-000000,/__modal/volumes/vo-UZL6XRNnGfsFjlpmHH9EJN/segments/2025-09-20-17-47-54-000000/front_1/000022.mp4,/__modal/volumes/vo-UZL6XRNnGfsFjlpmHH9EJN/episodes/2025-09-20-17-47-54-000000,True,,fold_clothes__1,3.850239878421899,0.425531914893617,0.17553191489361697,False,False,
2025-09-20-17-47-54-000000,2025-09-20-17-47-54-000000:front_1:000023,fold_clothes,23.0,24.0,1.0,690,720,1.0,1.0,1.0,0.0,0,per_frame_inverse_head_to_world:obs_head_pose,/__modal/volumes/vo-UZL6XRNnGfsFjlpmHH9EJN/episodes/2025-09-20-17-47-54-000000,/__modal/volumes/vo-UZL6XRNnGfsFjlpmHH9EJN/segments/2025-09-20-17-47-54-000000/front_1/000023.mp4,/__modal/volumes/vo-UZL6XRNnGfsFjlpmHH9EJN/episodes/2025-09-20-17-47-54-000000,True,,fold_clothes__1,2.42108392770992,0.015957446808510637,0.17553191489361697,False,True,facility_location_gain_per_second
2025-09-20-17-47-54-000000,2025-09-20-17-47-54-000000:front_1:000024,fold_clothes,24.0,25.0,1.0,720,750,1.0,1.0,1.0,0.0,0,per_frame_inverse_head_to_world:obs_head_pose,/__modal/volumes/vo-UZL6XRNnGfsFjlpmHH9EJN/episodes/2025-09-20-17-47-54-000000,/__modal/volumes/vo-UZL6XRNnGfsFjlpmHH9EJN/segments/2025-09-20-17-47-54-000000/front_1/000024.mp4,/__modal/volumes/vo-UZL6XRNnGfsFjlpmHH9EJN/episodes/2025-09-20-17-47-54-000000,True,,fold_clothes__1,3.3205278289914686,0.19148936170212766,0.17553191489361697,False,False,
2025-09-20-17-47-54-000000,2025-09-20-17-47-54-000000:front_1:000025,fold_clothes,25.0,26.0,1.0,750,780,1.0,1.0,1.0,0.0,0,per_frame_inverse_head_to_world:obs_head_pose,/__modal/volumes/vo-UZL6XRNnGfsFjlpmHH9EJN/episodes/2025-09-20-17-47-54-000000,/__modal/volumes/vo-UZL6XRNnGfsFjlpmHH9EJN/segments/2025-09-20-17-47-54-000000/front_1/000025.mp4,/__modal/volumes/vo-UZL6XRNnGfsFjlpmHH9EJN/episodes/2025-09-20-17-47-54-000000,True,,fold_clothes__1,4.032774838711268,0.526595744680851,0.17553191489361697,False,False,
2025-09-20-17-47-54-000000,2025-09-20-17-47-54-000000:front_1:000026,fold_clothes,26.0,27.0,1.0,780,810,1.0,1.0,1.0,0.0,0,per_frame_inverse_head_to_world:obs_head_pose,/__modal/volumes/vo-UZL6XRNnGfsFjlpmHH9EJN/episodes/2025-09-20-17-47-54-000000,/__modal/volumes/vo-UZL6XRNnGfsFjlpmHH9EJN/segments/2025-09-20-17-47-54-000000/front_1/000026.mp4,/__modal/volumes/vo-UZL6XRNnGfsFjlpmHH9EJN/episodes/2025-09-20-17-47-54-000000,True,,fold_clothes__0,9.318404825718712,0.9787234042553191,0.824468085106383,False,True,facility_location_gain_per_second
2025-09-20-17-47-54-000000,2025-09-20-17-47-54-000000:front_1:000027,fold_clothes,27.0,28.0,1.0,810,840,1.0,1.0,1.0,0.0,0,per_frame_inverse_head_to_world:obs_head_pose,/__modal/volumes/vo-UZL6XRNnGfsFjlpmHH9EJN/episodes/2025-09-20-17-47-54-000000,/__modal/volumes/vo-UZL6XRNnGfsFjlpmHH9EJN/segments/2025-09-20-17-47-54-000000/front_1/000027.mp4,/__modal/volumes/vo-UZL6XRNnGfsFjlpmHH9EJN/episodes/2025-09-20-17-47-54-000000,True,,fold_clothes__1,3.9731412660719214,0.5,0.17553191489361697,False,False,
2025-09-20-17-47-54-000000,2025-09-20-17-47-54-000000:front_1:000028,fold_clothes,28.0,29.0,1.0,840,870,1.0,1.0,1.0,0.0,0,per_frame_inverse_head_to_world:obs_head_pose,/__modal/volumes/vo-UZL6XRNnGfsFjlpmHH9EJN/episodes/2025-09-20-17-47-54-000000,/__modal/volumes/vo-UZL6XRNnGfsFjlpmHH9EJN/segments/2025-09-20-17-47-54-000000/front_1/000028.mp4,/__modal/volumes/vo-UZL6XRNnGfsFjlpmHH9EJN/episodes/2025-09-20-17-47-54-000000,True,,fold_clothes__1,3.083716453691639,0.09574468085106383,0.17553191489361697,False,False,
2025-09-20-17-47-54-000000,2025-09-20-17-47-54-000000:front_1:000029,fold_clothes,29.0,30.0,1.0,870,900,1.0,1.0,1.0,0.0,0,per_frame_inverse_head_to_world:obs_head_pose,/__modal/volumes/vo-UZL6XRNnGfsFjlpmHH9EJN/episodes/2025-09-20-17-47-54-000000,/__modal/volumes/vo-UZL6XRNnGfsFjlpmHH9EJN/segments/2025-09-20-17-47-54-000000/front_1/000029.mp4,/__modal/volumes/vo-UZL6XRNnGfsFjlpmHH9EJN/episodes/2025-09-20-17-47-54-000000,True,,fold_clothes__1,2.719724448486587,0.0425531914893617,0.17553191489361697,False,False,
2025-09-20-17-47-54-000000,2025-09-20-17-47-54-000000:front_1:000030,fold_clothes,30.0,31.0,1.0,900,930,1.0,1.0,1.0,0.0,0,per_frame_inverse_head_to_world:obs_head_pose,/__modal/volumes/vo-UZL6XRNnGfsFjlpmHH9EJN/episodes/2025-09-20-17-47-54-000000,/__modal/volumes/vo-UZL6XRNnGfsFjlpmHH9EJN/segments/2025-09-20-17-47-54-000000/front_1/000030.mp4,/__modal/volumes/vo-UZL6XRNnGfsFjlpmHH9EJN/episodes/2025-09-20-17-47-54-000000,True,,fold_clothes__1,4.650841227747541,0.7606382978723404,0.17553191489361697,False,True,facility_location_gain_per_second
2025-09-20-17-47-54-000000,2025-09-20-17-47-54-000000:front_1:000031,fold_clothes,31.0,32.0,1.0,930,960,1.0,1.0,1.0,0.0,0,per_frame_inverse_head_to_world:obs_head_pose,/__modal/volumes/vo-UZL6XRNnGfsFjlpmHH9EJN/episodes/2025-09-20-17-47-54-000000,/__modal/volumes/vo-UZL6XRNnGfsFjlpmHH9EJN/segments/2025-09-20-17-47-54-000000/front_1/000031.mp4,/__modal/volumes/vo-UZL6XRNnGfsFjlpmHH9EJN/episodes/2025-09-20-17-47-54-000000,True,,fold_clothes__1,4.731981958644203,0.776595744680851,0.17553191489361697,False,False,
2025-09-20-17-47-54-000000,2025-09-20-17-47-54-000000:front_1:000032,fold_clothes,32.0,33.0,1.0,960,990,1.0,1.0,1.0,0.0,0,per_frame_inverse_head_to_world:obs_head_pose,/__modal/volumes/vo-UZL6XRNnGfsFjlpmHH9EJN/episodes/2025-09-20-17-47-54-000000,/__modal/volumes/vo-UZL6XRNnGfsFjlpmHH9EJN/segments/2025-09-20-17-47-54-000000/front_1/000032.mp4,/__modal/volumes/vo-UZL6XRNnGfsFjlpmHH9EJN/episodes/2025-09-20-17-47-54-000000,True,,fold_clothes__1,3.8897723289095056,0.44680851063829785,0.17553191489361697,False,False,
2025-09-20-17-47-54-000000,2025-09-20-17-47-54-000000:front_1:000033,fold_clothes,33.0,34.0,1.0,990,1020,1.0,1.0,1.0,0.0,0,per_frame_inverse_head_to_world:obs_head_pose,/__modal/volumes/vo-UZL6XRNnGfsFjlpmHH9EJN/episodes/2025-09-20-17-47-54-000000,/__modal/volumes/vo-UZL6XRNnGfsFjlpmHH9EJN/segments/2025-09-20-17-47-54-000000/front_1/000033.mp4,/__modal/volumes/vo-UZL6XRNnGfsFjlpmHH9EJN/episodes/2025-09-20-17-47-54-000000,True,,fold_clothes__1,3.686659947299904,0.3670212765957447,0.17553191489361697,False,True,facility_location_gain_per_second
2025-09-20-17-47-54-000000,2025-09-20-17-47-54-000000:front_1:000034,fold_clothes,34.0,35.0,1.0,1020,1050,1.0,1.0,1.0,0.0,0,per_frame_inverse_head_to_world:obs_head_pose,/__modal/volumes/vo-UZL6XRNnGfsFjlpmHH9EJN/episodes/2025-09-20-17-47-54-000000,/__modal/volumes/vo-UZL6XRNnGfsFjlpmHH9EJN/segments/2025-09-20-17-47-54-000000/front_1/000034.mp4,/__modal/volumes/vo-UZL6XRNnGfsFjlpmHH9EJN/episodes/2025-09-20-17-47-54-000000,True,,fold_clothes__1,3.4253275492490673,0.2393617021276596,0.17553191489361697,False,False,
2025-09-20-17-47-54-000000,2025-09-20-17-47-54-000000:front_1:000035,fold_clothes,35.0,36.0,1.0,1050,1080,1.0,1.0,1.0,0.0,0,per_frame_inverse_head_to_world:obs_head_pose,/__modal/volumes/vo-UZL6XRNnGfsFjlpmHH9EJN/episodes/2025-09-20-17-47-54-000000,/__modal/volumes/vo-UZL6XRNnGfsFjlpmHH9EJN/segments/2025-09-20-17-47-54-000000/front_1/000035.mp4,/__modal/volumes/vo-UZL6XRNnGfsFjlpmHH9EJN/episodes/2025-09-20-17-47-54-000000,True,,fold_clothes__1,3.375874127368489,0.22340425531914893,0.17553191489361697,False,True,facility_location_gain_per_second
2025-09-20-17-47-54-000000,2025-09-20-17-47-54-000000:front_1:000036,fold_clothes,36.0,37.0,1.0,1080,1110,1.0,1.0,1.0,0.0,0,per_frame_inverse_head_to_world:obs_head_pose,/__modal/volumes/vo-UZL6XRNnGfsFjlpmHH9EJN/episodes/2025-09-20-17-47-54-000000,/__modal/volumes/vo-UZL6XRNnGfsFjlpmHH9EJN/segments/2025-09-20-17-47-54-000000/front_1/000036.mp4,/__modal/volumes/vo-UZL6XRNnGfsFjlpmHH9EJN/episodes/2025-09-20-17-47-54-000000,True,,fold_clothes__1,4.770907000137365,0.7925531914893617,0.17553191489361697,False,True,facility_location_gain_per_second
2025-09-20-17-47-54-000000,2025-09-20-17-47-54-000000:front_1:000037,fold_clothes,37.0,38.0,1.0,1110,1140,1.0,1.0,1.0,0.0,0,per_frame_inverse_head_to_world:obs_head_pose,/__modal/volumes/vo-UZL6XRNnGfsFjlpmHH9EJN/episodes/2025-09-20-17-47-54-000000,/__modal/volumes/vo-UZL6XRNnGfsFjlpmHH9EJN/segments/2025-09-20-17-47-54-000000/front_1/000037.mp4,/__modal/volumes/vo-UZL6XRNnGfsFjlpmHH9EJN/episodes/2025-09-20-17-47-54-000000,True,,fold_clothes__1,6.1661703294302335,0.925531914893617,0.17553191489361697,False,True,facility_location_gain_per_second
2025-09-20-17-47-54-000000,2025-09-20-17-47-54-000000:front_1:000038,fold_clothes,38.0,39.0,1.0,1140,1170,1.0,1.0,1.0,0.0,0,per_frame_inverse_head_to_world:obs_head_pose,/__modal/volumes/vo-UZL6XRNnGfsFjlpmHH9EJN/episodes/2025-09-20-17-47-54-000000,/__modal/volumes/vo-UZL6XRNnGfsFjlpmHH9EJN/segments/2025-09-20-17-47-54-000000/front_1/000038.mp4,/__modal/volumes/vo-UZL6XRNnGfsFjlpmHH9EJN/episodes/2025-09-20-17-47-54-000000,True,,fold_clothes__1,10.377603910163838,0.9840425531914894,0.17553191489361697,False,True,facility_location_gain_per_second
2025-09-20-17-47-54-000000,2025-09-20-17-47-54-000000:front_1:000039,fold_clothes,39.0,40.0,1.0,1170,1200,1.0,1.0,1.0,0.0,0,per_frame_inverse_head_to_world:obs_head_pose,/__modal/volumes/vo-UZL6XRNnGfsFjlpmHH9EJN/episodes/2025-09-20-17-47-54-000000,/__modal/volumes/vo-UZL6XRNnGfsFjlpmHH9EJN/segments/2025-09-20-17-47-54-000000/front_1/000039.mp4,/__modal/volumes/vo-UZL6XRNnGfsFjlpmHH9EJN/episodes/2025-09-20-17-47-54-000000,True,,fold_clothes__1,4.858370287954865,0.8031914893617021,0.17553191489361697,False,True,facility_location_gain_per_second
2025-09-20-17-47-54-000000,2025-09-20-17-47-54-000000:front_1:000040,fold_clothes,40.0,41.0,1.0,1200,1230,1.0,1.0,1.0,0.0,0,per_frame_inverse_head_to_world:obs_head_pose,/__modal/volumes/vo-UZL6XRNnGfsFjlpmHH9EJN/episodes/2025-09-20-17-47-54-000000,/__modal/volumes/vo-UZL6XRNnGfsFjlpmHH9EJN/segments/2025-09-20-17-47-54-000000/front_1/000040.mp4,/__modal/volumes/vo-UZL6XRNnGfsFjlpmHH9EJN/episodes/2025-09-20-17-47-54-000000,True,,fold_clothes__1,6.664904685849291,0.9521276595744681,0.17553191489361697,False,True,facility_location_gain_per_second
2025-09-20-17-47-54-000000,2025-09-20-17-47-54-000000:front_1:000041,fold_clothes,41.0,42.0,1.0,1230,1260,1.0,1.0,1.0,0.0,0,per_frame_inverse_head_to_world:obs_head_pose,/__modal/volumes/vo-UZL6XRNnGfsFjlpmHH9EJN/episodes/2025-09-20-17-47-54-000000,/__modal/volumes/vo-UZL6XRNnGfsFjlpmHH9EJN/segments/2025-09-20-17-47-54-000000/front_1/000041.mp4,/__modal/volumes/vo-UZL6XRNnGfsFjlpmHH9EJN/episodes/2025-09-20-17-47-54-000000,True,,fold_clothes__1,5.563361519806125,0.8882978723404256,0.17553191489361697,False,True,facility_location_gain_per_second
2025-09-20-17-47-54-000000,2025-09-20-17-47-54-000000:front_1:000042,fold_clothes,42.0,43.0,1.0,1260,1290,1.0,1.0,1.0,0.0,0,per_frame_inverse_head_to_world:obs_head_pose,/__modal/volumes/vo-UZL6XRNnGfsFjlpmHH9EJN/episodes/2025-09-20-17-47-54-000000,/__modal/volumes/vo-UZL6XRNnGfsFjlpmHH9EJN/segments/2025-09-20-17-47-54-000000/front_1/000042.mp4,/__modal/volumes/vo-UZL6XRNnGfsFjlpmHH9EJN/episodes/2025-09-20-17-47-54-000000,True,,fold_clothes__1,3.62428769490707,0.3351063829787234,0.17553191489361697,False,False,
2025-09-20-17-47-54-000000,2025-09-20-17-47-54-000000:front_1:000043,fold_clothes,43.0,44.0,1.0,1290,1320,1.0,1.0,1.0,0.0,0,per_frame_inverse_head_to_world:obs_head_pose,/__modal/volumes/vo-UZL6XRNnGfsFjlpmHH9EJN/episodes/2025-09-20-17-47-54-000000,/__modal/volumes/vo-UZL6XRNnGfsFjlpmHH9EJN/segments/2025-09-20-17-47-54-000000/front_1/000043.mp4,/__modal/volumes/vo-UZL6XRNnGfsFjlpmHH9EJN/episodes/2025-09-20-17-47-54-000000,True,,fold_clothes__1,3.209376153430599,0.14361702127659576,0.17553191489361697,False,True,preserve_populated_verb
2025-09-20-17-47-54-000000,2025-09-20-17-47-54-000000:front_1:000044,fold_clothes,44.0,45.0,1.0,1320,1350,1.0,1.0,1.0,0.0,0,per_frame_inverse_head_to_world:obs_head_pose,/__modal/volumes/vo-UZL6XRNnGfsFjlpmHH9EJN/episodes/2025-09-20-17-47-54-000000,/__modal/volumes/vo-UZL6XRNnGfsFjlpmHH9EJN/segments/2025-09-20-17-47-54-000000/front_1/000044.mp4,/__modal/volumes/vo-UZL6XRNnGfsFjlpmHH9EJN/episodes/2025-09-20-17-47-54-000000,True,,fold_clothes__1,4.225661021968856,0.6382978723404256,0.17553191489361697,False,False,
2025-09-20-17-47-54-000000,2025-09-20-17-47-54-000000:front_1:000045,fold_clothes,45.0,46.0,1.0,1350,1380,1.0,1.0,1.0,0.0,0,per_frame_inverse_head_to_world:obs_head_pose,/__modal/volumes/vo-UZL6XRNnGfsFjlpmHH9EJN/episodes/2025-09-20-17-47-54-000000,/__modal/volumes/vo-UZL6XRNnGfsFjlpmHH9EJN/segments/2025-09-20-17-47-54-000000/front_1/000045.mp4,/__modal/volumes/vo-UZL6XRNnGfsFjlpmHH9EJN/episodes/2025-09-20-17-47-54-000000,True,,fold_clothes__1,5.60364286725613,0.898936170212766,0.17553191489361697,False,False,
2025-09-20-17-47-54-000000,2025-09-20-17-47-54-000000:front_1:000046,fold_clothes,46.0,47.0,1.0,1380,1410,1.0,1.0,1.0,0.0,0,per_frame_inverse_head_to_world:obs_head_pose,/__modal/volumes/vo-UZL6XRNnGfsFjlpmHH9EJN/episodes/2025-09-20-17-47-54-000000,/__modal/volumes/vo-UZL6XRNnGfsFjlpmHH9EJN/segments/2025-09-20-17-47-54-000000/front_1/000046.mp4,/__modal/volumes/vo-UZL6XRNnGfsFjlpmHH9EJN/episodes/2025-09-20-17-47-54-000000,True,,fold_clothes__0,5.281219163258652,0.851063829787234,0.824468085106383,False,True,facility_location_gain_per_second
2025-09-20-17-47-54-000000,2025-09-20-17-47-54-000000:front_1:000047,fold_clothes,47.0,48.0,1.0,1410,1440,1.0,1.0,1.0,0.0,0,per_frame_inverse_head_to_world:obs_head_pose,/__modal/volumes/vo-UZL6XRNnGfsFjlpmHH9EJN/episodes/2025-09-20-17-47-54-000000,/__modal/volumes/vo-UZL6XRNnGfsFjlpmHH9EJN/segments/2025-09-20-17-47-54-000000/front_1/000047.mp4,/__modal/volumes/vo-UZL6XRNnGfsFjlpmHH9EJN/episodes/2025-09-20-17-47-54-000000,True,,fold_clothes__1,4.216497626855697,0.6276595744680851,0.17553191489361697,False,False,
2025-09-20-17-47-54-000000,2025-09-20-17-47-54-000000:front_1:000048,fold_clothes,48.0,49.0,1.0,1440,1470,1.0,1.0,1.0,0.0,0,per_frame_inverse_head_to_world:obs_head_pose,/__modal/volumes/vo-UZL6XRNnGfsFjlpmHH9EJN/episodes/2025-09-20-17-47-54-000000,/__modal/volumes/vo-UZL6XRNnGfsFjlpmHH9EJN/segments/2025-09-20-17-47-54-000000/front_1/000048.mp4,/__modal/volumes/vo-UZL6XRNnGfsFjlpmHH9EJN/episodes/2025-09-20-17-47-54-000000,True,,fold_clothes__1,2.846034396693522,0.07446808510638298,0.17553191489361697,False,True,facility_location_gain_per_second
2025-09-20-17-47-54-000000,2025-09-20-17-47-54-000000:front_1:000049,fold_clothes,49.0,50.0,1.0,1470,1500,1.0,1.0,1.0,0.0,0,per_frame_inverse_head_to_world:obs_head_pose,/__modal/volumes/vo-UZL6XRNnGfsFjlpmHH9EJN/episodes/2025-09-20-17-47-54-000000,/__modal/volumes/vo-UZL6XRNnGfsFjlpmHH9EJN/segments/2025-09-20-17-47-54-000000/front_1/000049.mp4,/__modal/volumes/vo-UZL6XRNnGfsFjlpmHH9EJN/episodes/2025-09-20-17-47-54-000000,True,,fold_clothes__1,3.1515509023914334,0.11702127659574468,0.17553191489361697,False,False,
2025-09-20-17-47-54-000000,2025-09-20-17-47-54-000000:front_1:000050,fold_clothes,50.0,51.0,1.0,1500,1530,1.0,1.0,1.0,0.0,0,per_frame_inverse_head_to_world:obs_head_pose,/__modal/volumes/vo-UZL6XRNnGfsFjlpmHH9EJN/episodes/2025-09-20-17-47-54-000000,/__modal/volumes/vo-UZL6XRNnGfsFjlpmHH9EJN/segments/2025-09-20-17-47-54-000000/front_1/000050.mp4,/__modal/volumes/vo-UZL6XRNnGfsFjlpmHH9EJN/episodes/2025-09-20-17-47-54-000000,True,,fold_clothes__1,5.534488016101435,0.8829787234042553,0.17553191489361697,False,True,facility_location_gain_per_second
2025-09-20-17-47-54-000000,2025-09-20-17-47-54-000000:front_1:000051,fold_clothes,51.0,52.0,1.0,1530,1560,1.0,1.0,1.0,0.0,0,per_frame_inverse_head_to_world:obs_head_pose,/__modal/volumes/vo-UZL6XRNnGfsFjlpmHH9EJN/episodes/2025-09-20-17-47-54-000000,/__modal/volumes/vo-UZL6XRNnGfsFjlpmHH9EJN/segments/2025-09-20-17-47-54-000000/front_1/000051.mp4,/__modal/volumes/vo-UZL6XRNnGfsFjlpmHH9EJN/episodes/2025-09-20-17-47-54-000000,True,,fold_clothes__1,4.609269553354315,0.7340425531914894,0.17553191489361697,False,False,
2025-09-20-17-47-54-000000,2025-09-20-17-47-54-000000:front_1:000052,fold_clothes,52.0,53.0,1.0,1560,1590,1.0,1.0,1.0,0.0,0,per_frame_inverse_head_to_world:obs_head_pose,/__modal/volumes/vo-UZL6XRNnGfsFjlpmHH9EJN/episodes/2025-09-20-17-47-54-000000,/__modal/volumes/vo-UZL6XRNnGfsFjlpmHH9EJN/segments/2025-09-20-17-47-54-000000/front_1/000052.mp4,/__modal/volumes/vo-UZL6XRNnGfsFjlpmHH9EJN/episodes/2025-09-20-17-47-54-000000,True,,fold_clothes__1,5.049997545062122,0.8191489361702128,0.17553191489361697,False,False,
2025-09-20-17-47-54-000000,2025-09-20-17-47-54-000000:front_1:000053,fold_clothes,53.0,54.0,1.0,1590,1620,1.0,1.0,1.0,0.0,0,per_frame_inverse_head_to_world:obs_head_pose,/__modal/volumes/vo-UZL6XRNnGfsFjlpmHH9EJN/episodes/2025-09-20-17-47-54-000000,/__modal/volumes/vo-UZL6XRNnGfsFjlpmHH9EJN/segments/2025-09-20-17-47-54-000000/front_1/000053.mp4,/__modal/volumes/vo-UZL6XRNnGfsFjlpmHH9EJN/episodes/2025-09-20-17-47-54-000000,True,,fold_clothes__1,3.133519490640155,0.11170212765957446,0.17553191489361697,False,False,
2025-09-20-17-47-54-000000,2025-09-20-17-47-54-000000:front_1:000054,fold_clothes,54.0,55.0,1.0,1620,1650,1.0,1.0,1.0,0.0,0,per_frame_inverse_head_to_world:obs_head_pose,/__modal/volumes/vo-UZL6XRNnGfsFjlpmHH9EJN/episodes/2025-09-20-17-47-54-000000,/__modal/volumes/vo-UZL6XRNnGfsFjlpmHH9EJN/segments/2025-09-20-17-47-54-000000/front_1/000054.mp4,/__modal/volumes/vo-UZL6XRNnGfsFjlpmHH9EJN/episodes/2025-09-20-17-47-54-000000,True,,fold_clothes__1,2.3623104095839547,0.005319148936170213,0.17553191489361697,False,False,
2025-09-20-17-47-54-000000,2025-09-20-17-47-54-000000:front_1:000055,fold_clothes,55.0,56.0,1.0,1650,1680,1.0,1.0,1.0,0.0,0,per_frame_inverse_head_to_world:obs_head_pose,/__modal/volumes/vo-UZL6XRNnGfsFjlpmHH9EJN/episodes/2025-09-20-17-47-54-000000,/__modal/volumes/vo-UZL6XRNnGfsFjlpmHH9EJN/segments/2025-09-20-17-47-54-000000/front_1/000055.mp4,/__modal/volumes/vo-UZL6XRNnGfsFjlpmHH9EJN/episodes/2025-09-20-17-47-54-000000,True,,fold_clothes__1,4.313164488785867,0.6595744680851063,0.17553191489361697,False,False,
2025-09-20-17-47-54-000000,2025-09-20-17-47-54-000000:front_1:000056,fold_clothes,56.0,57.0,1.0,1680,1710,1.0,1.0,1.0,0.0,0,per_frame_inverse_head_to_world:obs_head_pose,/__modal/volumes/vo-UZL6XRNnGfsFjlpmHH9EJN/episodes/2025-09-20-17-47-54-000000,/__modal/volumes/vo-UZL6XRNnGfsFjlpmHH9EJN/segments/2025-09-20-17-47-54-000000/front_1/000056.mp4,/__modal/volumes/vo-UZL6XRNnGfsFjlpmHH9EJN/episodes/2025-09-20-17-47-54-000000,True,,fold_clothes__1,5.210842418610388,0.8404255319148937,0.17553191489361697,False,False,
2025-09-20-17-47-54-000000,2025-09-20-17-47-54-000000:front_1:000057,fold_clothes,57.0,58.0,1.0,1710,1740,1.0,1.0,1.0,0.0,0,per_frame_inverse_head_to_world:obs_head_pose,/__modal/volumes/vo-UZL6XRNnGfsFjlpmHH9EJN/episodes/2025-09-20-17-47-54-000000,/__modal/volumes/vo-UZL6XRNnGfsFjlpmHH9EJN/segments/2025-09-20-17-47-54-000000/front_1/000057.mp4,/__modal/volumes/vo-UZL6XRNnGfsFjlpmHH9EJN/episodes/2025-09-20-17-47-54-000000,True,,fold_clothes__0,4.462139506672898,0.6968085106382979,0.824468085106383,False,False,
2025-09-20-17-47-54-000000,2025-09-20-17-47-54-000000:front_1:000058,fold_clothes,58.0,59.0,1.0,1740,1770,1.0,1.0,1.0,0.0,0,per_frame_inverse_head_to_world:obs_head_pose,/__modal/volumes/vo-UZL6XRNnGfsFjlpmHH9EJN/episodes/2025-09-20-17-47-54-000000,/__modal/volumes/vo-UZL6XRNnGfsFjlpmHH9EJN/segments/2025-09-20-17-47-54-000000/front_1/000058.mp4,/__modal/volumes/vo-UZL6XRNnGfsFjlpmHH9EJN/episodes/2025-09-20-17-47-54-000000,True,,fold_clothes__1,3.4783493439850957,0.28191489361702127,0.17553191489361697,False,False,
2025-09-20-17-47-54-000000,2025-09-20-17-47-54-000000:front_1:000059,fold_clothes,59.0,60.0,1.0,1770,1800,1.0,1.0,1.0,0.0,0,per_frame_inverse_head_to_world:obs_head_pose,/__modal/volumes/vo-UZL6XRNnGfsFjlpmHH9EJN/episodes/2025-09-20-17-47-54-000000,/__modal/volumes/vo-UZL6XRNnGfsFjlpmHH9EJN/segments/2025-09-20-17-47-54-000000/front_1/000059.mp4,/__modal/volumes/vo-UZL6XRNnGfsFjlpmHH9EJN/episodes/2025-09-20-17-47-54-000000,True,,fold_clothes__1,3.619355177456529,0.32978723404255317,0.17553191489361697,False,False,
2025-09-20-17-47-54-000000,2025-09-20-17-47-54-000000:front_1:000060,fold_clothes,60.0,61.0,1.0,1800,1830,1.0,1.0,1.0,0.0,0,per_frame_inverse_head_to_world:obs_head_pose,/__modal/volumes/vo-UZL6XRNnGfsFjlpmHH9EJN/episodes/2025-09-20-17-47-54-000000,/__modal/volumes/vo-UZL6XRNnGfsFjlpmHH9EJN/segments/2025-09-20-17-47-54-000000/front_1/000060.mp4,/__modal/volumes/vo-UZL6XRNnGfsFjlpmHH9EJN/episodes/2025-09-20-17-47-54-000000,True,,fold_clothes__1,3.950979235523092,0.46808510638297873,0.17553191489361697,False,True,facility_location_gain_per_second
2025-09-20-17-47-54-000000,2025-09-20-17-47-54-000000:front_1:000061,fold_clothes,61.0,62.0,1.0,1830,1860,1.0,1.0,1.0,0.0,0,per_frame_inverse_head_to_world:obs_head_pose,/__modal/volumes/vo-UZL6XRNnGfsFjlpmHH9EJN/episodes/2025-09-20-17-47-54-000000,/__modal/volumes/vo-UZL6XRNnGfsFjlpmHH9EJN/segments/2025-09-20-17-47-54-000000/front_1/000061.mp4,/__modal/volumes/vo-UZL6XRNnGfsFjlpmHH9EJN/episodes/2025-09-20-17-47-54-000000,True,,fold_clothes__1,5.600971877371838,0.8936170212765957,0.17553191489361697,False,True,facility_location_gain_per_second
2025-09-20-17-47-54-000000,2025-09-20-17-47-54-000000:front_1:000062,fold_clothes,62.0,63.0,1.0,1860,1890,1.0,1.0,1.0,0.0,0,per_frame_inverse_head_to_world:obs_head_pose,/__modal/volumes/vo-UZL6XRNnGfsFjlpmHH9EJN/episodes/2025-09-20-17-47-54-000000,/__modal/volumes/vo-UZL6XRNnGfsFjlpmHH9EJN/segments/2025-09-20-17-47-54-000000/front_1/000062.mp4,/__modal/volumes/vo-UZL6XRNnGfsFjlpmHH9EJN/episodes/2025-09-20-17-47-54-000000,True,,fold_clothes__0,4.381191025873842,0.6861702127659575,0.824468085106383,False,False,
2025-09-20-17-47-54-000000,2025-09-20-17-47-54-000000:front_1:000063,fold_clothes,63.0,64.0,1.0,1890,1920,1.0,1.0,1.0,0.0,0,per_frame_inverse_head_to_world:obs_head_pose,/__modal/volumes/vo-UZL6XRNnGfsFjlpmHH9EJN/episodes/2025-09-20-17-47-54-000000,/__modal/volumes/vo-UZL6XRNnGfsFjlpmHH9EJN/segments/2025-09-20-17-47-54-000000/front_1/000063.mp4,/__modal/volumes/vo-UZL6XRNnGfsFjlpmHH9EJN/episodes/2025-09-20-17-47-54-000000,True,,fold_clothes__1,3.2828585180372705,0.18617021276595744,0.17553191489361697,False,True,facility_location_gain_per_second
2025-09-20-17-47-54-000000,2025-09-20-17-47-54-000000:front_1:000064,fold_clothes,64.0,65.0,1.0,1920,1950,1.0,1.0,1.0,0.0,0,per_frame_inverse_head_to_world:obs_head_pose,/__modal/volumes/vo-UZL6XRNnGfsFjlpmHH9EJN/episodes/2025-09-20-17-47-54-000000,/__modal/volumes/vo-UZL6XRNnGfsFjlpmHH9EJN/segments/2025-09-20-17-47-54-000000/front_1/000064.mp4,/__modal/volumes/vo-UZL6XRNnGfsFjlpmHH9EJN/episodes/2025-09-20-17-47-54-000000,True,,fold_clothes__1,4.0178137120363075,0.5159574468085106,0.17553191489361697,False,False,
2025-09-20-17-47-54-000000,2025-09-20-17-47-54-000000:front_1:000065,fold_clothes,65.0,66.0,1.0,1950,1980,1.0,1.0,1.0,0.0,0,per_frame_inverse_head_to_world:obs_head_pose,/__modal/volumes/vo-UZL6XRNnGfsFjlpmHH9EJN/episodes/2025-09-20-17-47-54-000000,/__modal/volumes/vo-UZL6XRNnGfsFjlpmHH9EJN/segments/2025-09-20-17-47-54-000000/front_1/000065.mp4,/__modal/volumes/vo-UZL6XRNnGfsFjlpmHH9EJN/episodes/2025-09-20-17-47-54-000000,True,,fold_clothes__1,3.4274698399500414,0.24468085106382978,0.17553191489361697,False,False,
2025-09-20-17-47-54-000000,2025-09-20-17-47-54-000000:front_1:000066,fold_clothes,66.0,67.0,1.0,1980,2010,1.0,1.0,1.0,0.0,0,per_frame_inverse_head_to_world:obs_head_pose,/__modal/volumes/vo-UZL6XRNnGfsFjlpmHH9EJN/episodes/2025-09-20-17-47-54-000000,/__modal/volumes/vo-UZL6XRNnGfsFjlpmHH9EJN/segments/2025-09-20-17-47-54-000000/front_1/000066.mp4,/__modal/volumes/vo-UZL6XRNnGfsFjlpmHH9EJN/episodes/2025-09-20-17-47-54-000000,True,,fold_clothes__1,5.075993999015975,0.824468085106383,0.17553191489361697,False,False,
2025-09-20-17-47-54-000000,2025-09-20-17-47-54-000000:front_1:000067,fold_clothes,67.0,68.0,1.0,2010,2040,1.0,1.0,1.0,0.0,0,per_frame_inverse_head_to_world:obs_head_pose,/__modal/volumes/vo-UZL6XRNnGfsFjlpmHH9EJN/episodes/2025-09-20-17-47-54-000000,/__modal/volumes/vo-UZL6XRNnGfsFjlpmHH9EJN/segments/2025-09-20-17-47-54-000000/front_1/000067.mp4,/__modal/volumes/vo-UZL6XRNnGfsFjlpmHH9EJN/episodes/2025-09-20-17-47-54-000000,True,,fold_clothes__0,7.049331995615944,0.9627659574468085,0.824468085106383,False,True,facility_location_gain_per_second
2025-09-20-17-47-54-000000,2025-09-20-17-47-54-000000:front_1:000068,fold_clothes,68.0,69.0,1.0,2040,2070,1.0,1.0,1.0,0.0,0,per_frame_inverse_head_to_world:obs_head_pose,/__modal/volumes/vo-UZL6XRNnGfsFjlpmHH9EJN/episodes/2025-09-20-17-47-54-000000,/__modal/volumes/vo-UZL6XRNnGfsFjlpmHH9EJN/segments/2025-09-20-17-47-54-000000/front_1/000068.mp4,/__modal/volumes/vo-UZL6XRNnGfsFjlpmHH9EJN/episodes/2025-09-20-17-47-54-000000,True,,fold_clothes__1,4.60360738279791,0.7287234042553191,0.17553191489361697,False,False,
2025-09-20-17-47-54-000000,2025-09-20-17-47-54-000000:front_1:000069,fold_clothes,69.0,70.0,1.0,2070,2100,1.0,1.0,1.0,0.0,0,per_frame_inverse_head_to_world:obs_head_pose,/__modal/volumes/vo-UZL6XRNnGfsFjlpmHH9EJN/episodes/2025-09-20-17-47-54-000000,/__modal/volumes/vo-UZL6XRNnGfsFjlpmHH9EJN/segments/2025-09-20-17-47-54-000000/front_1/000069.mp4,/__modal/volumes/vo-UZL6XRNnGfsFjlpmHH9EJN/episodes/2025-09-20-17-47-54-000000,True,,fold_clothes__1,3.2454333321227002,0.15425531914893617,0.17553191489361697,False,False,
2025-09-20-17-47-54-000000,2025-09-20-17-47-54-000000:front_1:000070,fold_clothes,70.0,71.0,1.0,2100,2130,1.0,1.0,1.0,0.0,0,per_frame_inverse_head_to_world:obs_head_pose,/__modal/volumes/vo-UZL6XRNnGfsFjlpmHH9EJN/episodes/2025-09-20-17-47-54-000000,/__modal/volumes/vo-UZL6XRNnGfsFjlpmHH9EJN/segments/2025-09-20-17-47-54-000000/front_1/000070.mp4,/__modal/volumes/vo-UZL6XRNnGfsFjlpmHH9EJN/episodes/2025-09-20-17-47-54-000000,True,,fold_clothes__1,2.787062859257026,0.06914893617021277,0.17553191489361697,False,False,
2025-09-20-17-47-54-000000,2025-09-20-17-47-54-000000:front_1:000071,fold_clothes,71.0,72.0,1.0,2130,2160,1.0,1.0,1.0,0.0,0,per_frame_inverse_head_to_world:obs_head_pose,/__modal/volumes/vo-UZL6XRNnGfsFjlpmHH9EJN/episodes/2025-09-20-17-47-54-000000,/__modal/volumes/vo-UZL6XRNnGfsFjlpmHH9EJN/segments/2025-09-20-17-47-54-000000/front_1/000071.mp4,/__modal/volumes/vo-UZL6XRNnGfsFjlpmHH9EJN/episodes/2025-09-20-17-47-54-000000,True,,fold_clothes__1,3.3530911586385153,0.2074468085106383,0.17553191489361697,False,True,facility_location_gain_per_second
2025-09-20-17-47-54-000000,2025-09-20-17-47-54-000000:front_1:000072,fold_clothes,72.0,73.0,1.0,2160,2190,1.0,1.0,1.0,0.0,0,per_frame_inverse_head_to_world:obs_head_pose,/__modal/volumes/vo-UZL6XRNnGfsFjlpmHH9EJN/episodes/2025-09-20-17-47-54-000000,/__modal/volumes/vo-UZL6XRNnGfsFjlpmHH9EJN/segments/2025-09-20-17-47-54-000000/front_1/000072.mp4,/__modal/volumes/vo-UZL6XRNnGfsFjlpmHH9EJN/episodes/2025-09-20-17-47-54-000000,True,,fold_clothes__1,3.880552797092418,0.43617021276595747,0.17553191489361697,False,True,facility_location_gain_per_second
2025-09-20-17-47-54-000000,2025-09-20-17-47-54-000000:front_1:000073,fold_clothes,73.0,74.0,1.0,2190,2220,1.0,1.0,1.0,0.0,0,per_frame_inverse_head_to_world:obs_head_pose,/__modal/volumes/vo-UZL6XRNnGfsFjlpmHH9EJN/episodes/2025-09-20-17-47-54-000000,/__modal/volumes/vo-UZL6XRNnGfsFjlpmHH9EJN/segments/2025-09-20-17-47-54-000000/front_1/000073.mp4,/__modal/volumes/vo-UZL6XRNnGfsFjlpmHH9EJN/episodes/2025-09-20-17-47-54-000000,True,,fold_clothes__0,4.358222421685568,0.6808510638297872,0.824468085106383,False,True,facility_location_gain_per_second
2025-09-20-17-47-54-000000,2025-09-20-17-47-54-000000:front_1:000074,fold_clothes,74.0,75.0,1.0,2220,2250,1.0,1.0,1.0,0.0,0,per_frame_inverse_head_to_world:obs_head_pose,/__modal/volumes/vo-UZL6XRNnGfsFjlpmHH9EJN/episodes/2025-09-20-17-47-54-000000,/__modal/volumes/vo-UZL6XRNnGfsFjlpmHH9EJN/segments/2025-09-20-17-47-54-000000/front_1/000074.mp4,/__modal/volumes/vo-UZL6XRNnGfsFjlpmHH9EJN/episodes/2025-09-20-17-47-54-000000,True,,fold_clothes__1,3.261375396607581,0.16489361702127658,0.17553191489361697,False,False,
2025-09-20-17-47-54-000000,2025-09-20-17-47-54-000000:front_1:000075,fold_clothes,75.0,76.0,1.0,2250,2280,1.0,1.0,1.0,0.0,0,per_frame_inverse_head_to_world:obs_head_pose,/__modal/volumes/vo-UZL6XRNnGfsFjlpmHH9EJN/episodes/2025-09-20-17-47-54-000000,/__modal/volumes/vo-UZL6XRNnGfsFjlpmHH9EJN/segments/2025-09-20-17-47-54-000000/front_1/000075.mp4,/__modal/volumes/vo-UZL6XRNnGfsFjlpmHH9EJN/episodes/2025-09-20-17-47-54-000000,True,,fold_clothes__1,3.8342649204744945,0.42021276595744683,0.17553191489361697,False,False,
2025-09-20-17-47-54-000000,2025-09-20-17-47-54-000000:front_1:000076,fold_clothes,76.0,77.0,1.0,2280,2310,1.0,1.0,1.0,0.0,0,per_frame_inverse_head_to_world:obs_head_pose,/__modal/volumes/vo-UZL6XRNnGfsFjlpmHH9EJN/episodes/2025-09-20-17-47-54-000000,/__modal/volumes/vo-UZL6XRNnGfsFjlpmHH9EJN/segments/2025-09-20-17-47-54-000000/front_1/000076.mp4,/__modal/volumes/vo-UZL6XRNnGfsFjlpmHH9EJN/episodes/2025-09-20-17-47-54-000000,True,,fold_clothes__1,4.020866771976234,0.5212765957446809,0.17553191489361697,False,False,
2025-09-20-17-47-54-000000,2025-09-20-17-47-54-000000:front_1:000077,fold_clothes,77.0,78.0,1.0,2310,2340,1.0,1.0,1.0,0.0,0,per_frame_inverse_head_to_world:obs_head_pose,/__modal/volumes/vo-UZL6XRNnGfsFjlpmHH9EJN/episodes/2025-09-20-17-47-54-000000,/__modal/volumes/vo-UZL6XRNnGfsFjlpmHH9EJN/segments/2025-09-20-17-47-54-000000/front_1/000077.mp4,/__modal/volumes/vo-UZL6XRNnGfsFjlpmHH9EJN/episodes/2025-09-20-17-47-54-000000,True,,fold_clothes__1,5.655340993343242,0.9042553191489362,0.17553191489361697,False,False,
2025-09-20-17-47-54-000000,2025-09-20-17-47-54-000000:front_1:000078,fold_clothes,78.0,79.0,1.0,2340,2370,1.0,1.0,1.0,0.0,0,per_frame_inverse_head_to_world:obs_head_pose,/__modal/volumes/vo-UZL6XRNnGfsFjlpmHH9EJN/episodes/2025-09-20-17-47-54-000000,/__modal/volumes/vo-UZL6XRNnGfsFjlpmHH9EJN/segments/2025-09-20-17-47-54-000000/front_1/000078.mp4,/__modal/volumes/vo-UZL6XRNnGfsFjlpmHH9EJN/episodes/2025-09-20-17-47-54-000000,True,,fold_clothes__0,4.873757610813058,0.8085106382978723,0.824468085106383,False,True,facility_location_gain_per_second
2025-09-20-17-47-54-000000,2025-09-20-17-47-54-000000:front_1:000079,fold_clothes,79.0,80.0,1.0,2370,2400,1.0,1.0,1.0,0.0,0,per_frame_inverse_head_to_world:obs_head_pose,/__modal/volumes/vo-UZL6XRNnGfsFjlpmHH9EJN/episodes/2025-09-20-17-47-54-000000,/__modal/volumes/vo-UZL6XRNnGfsFjlpmHH9EJN/segments/2025-09-20-17-47-54-000000/front_1/000079.mp4,/__modal/volumes/vo-UZL6XRNnGfsFjlpmHH9EJN/episodes/2025-09-20-17-47-54-000000,True,,fold_clothes__1,3.594346308887983,0.3191489361702128,0.17553191489361697,False,False,
2025-09-20-17-47-54-000000,2025-09-20-17-47-54-000000:front_1:000080,fold_clothes,80.0,81.0,1.0,2400,2430,1.0,1.0,1.0,0.0,0,per_frame_inverse_head_to_world:obs_head_pose,/__modal/volumes/vo-UZL6XRNnGfsFjlpmHH9EJN/episodes/2025-09-20-17-47-54-000000,/__modal/volumes/vo-UZL6XRNnGfsFjlpmHH9EJN/segments/2025-09-20-17-47-54-000000/front_1/000080.mp4,/__modal/volumes/vo-UZL6XRNnGfsFjlpmHH9EJN/episodes/2025-09-20-17-47-54-000000,True,,fold_clothes__1,3.5099702545356792,0.2978723404255319,0.17553191489361697,False,True,facility_location_gain_per_second
2025-09-20-17-47-54-000000,2025-09-20-17-47-54-000000:front_1:000081,fold_clothes,81.0,82.0,1.0,2430,2460,1.0,1.0,1.0,0.0,0,per_frame_inverse_head_to_world:obs_head_pose,/__modal/volumes/vo-UZL6XRNnGfsFjlpmHH9EJN/episodes/2025-09-20-17-47-54-000000,/__modal/volumes/vo-UZL6XRNnGfsFjlpmHH9EJN/segments/2025-09-20-17-47-54-000000/front_1/000081.mp4,/__modal/volumes/vo-UZL6XRNnGfsFjlpmHH9EJN/episodes/2025-09-20-17-47-54-000000,True,,fold_clothes__1,3.9553914753327937,0.4787234042553192,0.17553191489361697,False,False,
2025-09-20-17-47-54-000000,2025-09-20-17-47-54-000000:front_1:000082,fold_clothes,82.0,83.0,1.0,2460,2490,1.0,1.0,1.0,0.0,0,per_frame_inverse_head_to_world:obs_head_pose,/__modal/volumes/vo-UZL6XRNnGfsFjlpmHH9EJN/episodes/2025-09-20-17-47-54-000000,/__modal/volumes/vo-UZL6XRNnGfsFjlpmHH9EJN/segments/2025-09-20-17-47-54-000000/front_1/000082.mp4,/__modal/volumes/vo-UZL6XRNnGfsFjlpmHH9EJN/episodes/2025-09-20-17-47-54-000000,True,,fold_clothes__1,6.182510533800693,0.9308510638297872,0.17553191489361697,False,True,facility_location_gain_per_second
2025-09-20-17-47-54-000000,2025-09-20-17-47-54-000000:front_1:000083,fold_clothes,83.0,84.0,1.0,2490,2520,1.0,1.0,1.0,0.0,0,per_frame_inverse_head_to_world:obs_head_pose,/__modal/volumes/vo-UZL6XRNnGfsFjlpmHH9EJN/episodes/2025-09-20-17-47-54-000000,/__modal/volumes/vo-UZL6XRNnGfsFjlpmHH9EJN/segments/2025-09-20-17-47-54-000000/front_1/000083.mp4,/__modal/volumes/vo-UZL6XRNnGfsFjlpmHH9EJN/episodes/2025-09-20-17-47-54-000000,True,,fold_clothes__0,6.804240362532913,0.9574468085106383,0.824468085106383,False,True,facility_location_gain_per_second
2025-09-20-17-47-54-000000,2025-09-20-17-47-54-000000:front_1:000084,fold_clothes,84.0,85.0,1.0,2520,2550,1.0,1.0,1.0,0.0,0,per_frame_inverse_head_to_world:obs_head_pose,/__modal/volumes/vo-UZL6XRNnGfsFjlpmHH9EJN/episodes/2025-09-20-17-47-54-000000,/__modal/volumes/vo-UZL6XRNnGfsFjlpmHH9EJN/segments/2025-09-20-17-47-54-000000/front_1/000084.mp4,/__modal/volumes/vo-UZL6XRNnGfsFjlpmHH9EJN/episodes/2025-09-20-17-47-54-000000,True,,fold_clothes__1,4.135552540831162,0.601063829787234,0.17553191489361697,False,False,
2025-09-20-17-47-54-000000,2025-09-20-17-47-54-000000:front_1:000085,fold_clothes,85.0,86.0,1.0,2550,2580,1.0,1.0,1.0,0.0,0,per_frame_inverse_head_to_world:obs_head_pose,/__modal/volumes/vo-UZL6XRNnGfsFjlpmHH9EJN/episodes/2025-09-20-17-47-54-000000,/__modal/volumes/vo-UZL6XRNnGfsFjlpmHH9EJN/segments/2025-09-20-17-47-54-000000/front_1/000085.mp4,/__modal/volumes/vo-UZL6XRNnGfsFjlpmHH9EJN/episodes/2025-09-20-17-47-54-000000,True,,fold_clothes__1,4.321526356388211,0.6648936170212766,0.17553191489361697,False,False,
2025-09-20-17-47-54-000000,2025-09-20-17-47-54-000000:front_1:000086,fold_clothes,86.0,87.0,1.0,2580,2610,1.0,1.0,1.0,0.0,0,per_frame_inverse_head_to_world:obs_head_pose,/__modal/volumes/vo-UZL6XRNnGfsFjlpmHH9EJN/episodes/2025-09-20-17-47-54-000000,/__modal/volumes/vo-UZL6XRNnGfsFjlpmHH9EJN/segments/2025-09-20-17-47-54-000000/front_1/000086.mp4,/__modal/volumes/vo-UZL6XRNnGfsFjlpmHH9EJN/episodes/2025-09-20-17-47-54-000000,True,,fold_clothes__1,3.2553907221893645,0.1595744680851064,0.17553191489361697,False,False,
2025-09-20-17-47-54-000000,2025-09-20-17-47-54-000000:front_1:000087,fold_clothes,87.0,88.0,1.0,2610,2640,1.0,1.0,1.0,0.0,0,per_frame_inverse_head_to_world:obs_head_pose,/__modal/volumes/vo-UZL6XRNnGfsFjlpmHH9EJN/episodes/2025-09-20-17-47-54-000000,/__modal/volumes/vo-UZL6XRNnGfsFjlpmHH9EJN/segments/2025-09-20-17-47-54-000000/front_1/000087.mp4,/__modal/volumes/vo-UZL6XRNnGfsFjlpmHH9EJN/episodes/2025-09-20-17-47-54-000000,True,,fold_clothes__1,4.04746492802866,0.5372340425531915,0.17553191489361697,False,False,
2025-09-20-17-47-54-000000,2025-09-20-17-47-54-000000:front_1:000088,fold_clothes,88.0,89.0,1.0,2640,2670,1.0,1.0,1.0,0.0,0,per_frame_inverse_head_to_world:obs_head_pose,/__modal/volumes/vo-UZL6XRNnGfsFjlpmHH9EJN/episodes/2025-09-20-17-47-54-000000,/__modal/volumes/vo-UZL6XRNnGfsFjlpmHH9EJN/segments/2025-09-20-17-47-54-000000/front_1/000088.mp4,/__modal/volumes/vo-UZL6XRNnGfsFjlpmHH9EJN/episodes/2025-09-20-17-47-54-000000,True,,fold_clothes__1,4.737070851329639,0.7819148936170213,0.17553191489361697,False,True,facility_location_gain_per_second
2025-09-20-17-47-54-000000,2025-09-20-17-47-54-000000:front_1:000089,fold_clothes,89.0,90.0,1.0,2670,2700,1.0,1.0,1.0,0.0,0,per_frame_inverse_head_to_world:obs_head_pose,/__modal/volumes/vo-UZL6XRNnGfsFjlpmHH9EJN/episodes/2025-09-20-17-47-54-000000,/__modal/volumes/vo-UZL6XRNnGfsFjlpmHH9EJN/segments/2025-09-20-17-47-54-000000/front_1/000089.mp4,/__modal/volumes/vo-UZL6XRNnGfsFjlpmHH9EJN/episodes/2025-09-20-17-47-54-000000,True,,fold_clothes__1,3.9527098971831505,0.4734042553191489,0.17553191489361697,False,True,facility_location_gain_per_second
2025-09-20-17-47-54-000000,2025-09-20-17-47-54-000000:front_1:000090,fold_clothes,90.0,91.0,1.0,2700,2730,1.0,1.0,1.0,0.0,0,per_frame_inverse_head_to_world:obs_head_pose,/__modal/volumes/vo-UZL6XRNnGfsFjlpmHH9EJN/episodes/2025-09-20-17-47-54-000000,/__modal/volumes/vo-UZL6XRNnGfsFjlpmHH9EJN/segments/2025-09-20-17-47-54-000000/front_1/000090.mp4,/__modal/volumes/vo-UZL6XRNnGfsFjlpmHH9EJN/episodes/2025-09-20-17-47-54-000000,True,,fold_clothes__1,4.332450668057765,0.675531914893617,0.17553191489361697,False,True,facility_location_gain_per_second
2025-09-20-17-47-54-000000,2025-09-20-17-47-54-000000:front_1:000091,fold_clothes,91.0,92.0,1.0,2730,2760,1.0,1.0,1.0,0.0,0,per_frame_inverse_head_to_world:obs_head_pose,/__modal/volumes/vo-UZL6XRNnGfsFjlpmHH9EJN/episodes/2025-09-20-17-47-54-000000,/__modal/volumes/vo-UZL6XRNnGfsFjlpmHH9EJN/segments/2025-09-20-17-47-54-000000/front_1/000091.mp4,/__modal/volumes/vo-UZL6XRNnGfsFjlpmHH9EJN/episodes/2025-09-20-17-47-54-000000,True,,fold_clothes__1,2.7271223945610332,0.05319148936170213,0.17553191489361697,False,False,
2025-09-20-17-47-54-000000,2025-09-20-17-47-54-000000:front_1:000092,fold_clothes,92.0,93.0,1.0,2760,2790,1.0,1.0,1.0,0.0,0,per_frame_inverse_head_to_world:obs_head_pose,/__modal/volumes/vo-UZL6XRNnGfsFjlpmHH9EJN/episodes/2025-09-20-17-47-54-000000,/__modal/volumes/vo-UZL6XRNnGfsFjlpmHH9EJN/segments/2025-09-20-17-47-54-000000/front_1/000092.mp4,/__modal/volumes/vo-UZL6XRNnGfsFjlpmHH9EJN/episodes/2025-09-20-17-47-54-000000,True,,fold_clothes__1,6.188806051662064,0.9361702127659575,0.17553191489361697,False,False,
2025-09-20-17-47-54-000000,2025-09-20-17-47-54-000000:front_1:000093,fold_clothes,93.0,93.83333333333331,0.8333333333333334,2790,2815,1.0,1.0,1.0,0.0,0,per_frame_inverse_head_to_world:obs_head_pose,/__modal/volumes/vo-UZL6XRNnGfsFjlpmHH9EJN/episodes/2025-09-20-17-47-54-000000,/__modal/volumes/vo-UZL6XRNnGfsFjlpmHH9EJN/segments/2025-09-20-17-47-54-000000/front_1/000093.mp4,/__modal/volumes/vo-UZL6XRNnGfsFjlpmHH9EJN/episodes/2025-09-20-17-47-54-000000,True,,fold_clothes__1,7.219919477565128,0.9680851063829787,0.17553191489361697,False,True,facility_location_gain_per_second
